[debug] [2026-08-21T02:58:00.587Z] ----------------------------------------------------------------------
[debug] [2026-08-21T02:58:00.590Z] Command:       C:\Program Files\nodejs\node.exe C:\Users\Master\AppData\Roaming\npm\node_modules\firebase-tools\lib\bin\firebase.js deploy --only functions
[debug] [2026-08-21T02:58:00.590Z] CLI Version:   15.27.0
[debug] [2026-08-21T02:58:00.590Z] Platform:      win32
[debug] [2026-08-21T02:58:00.590Z] Node Version:  v24.19.0
[debug] [2026-08-21T02:58:00.590Z] Detected Agent: unknown
[debug] [2026-08-21T02:58:00.590Z] Time:          Fri Aug 21 2026 11:58:00 GMT+0900 (한국 표준시)
[debug] [2026-08-21T02:58:00.590Z] ----------------------------------------------------------------------
[debug] 
[debug] [2026-08-21T02:58:01.582Z] > command requires scopes: ["email","openid","https://www.googleapis.com/auth/cloudplatformprojects.readonly","https://www.googleapis.com/auth/firebase","https://www.googleapis.com/auth/cloud-platform"]
[debug] [2026-08-21T02:58:01.582Z] > authorizing via signed-in user (tlswltjs27222@gmail.com)
[debug] [2026-08-21T02:58:01.582Z] [iam] checking project happybaby-6de42 for permissions ["cloudfunctions.functions.create","cloudfunctions.functions.delete","cloudfunctions.functions.get","cloudfunctions.functions.list","cloudfunctions.functions.update","cloudfunctions.operations.get","firebase.projects.get"]
[debug] [2026-08-21T02:58:01.591Z] Checked if tokens are valid: true, expires at: 1787284079594
[debug] [2026-08-21T02:58:01.591Z] Checked if tokens are valid: true, expires at: 1787284079594
[debug] [2026-08-21T02:58:01.592Z] >>> [apiv2][query] POST https://cloudresourcemanager.googleapis.com/v1/projects/happybaby-6de42:testIamPermissions [none]
[debug] [2026-08-21T02:58:01.592Z] >>> [apiv2][(partial)header] POST https://cloudresourcemanager.googleapis.com/v1/projects/happybaby-6de42:testIamPermissions  x-goog-user-project=happybaby-6de42
[debug] [2026-08-21T02:58:01.592Z] >>> [apiv2][body] POST https://cloudresourcemanager.googleapis.com/v1/projects/happybaby-6de42:testIamPermissions {"permissions":["cloudfunctions.functions.create","cloudfunctions.functions.delete","cloudfunctions.functions.get","cloudfunctions.functions.list","cloudfunctions.functions.update","cloudfunctions.operations.get","firebase.projects.get"]}
[debug] [2026-08-21T02:58:01.841Z] <<< [apiv2][status] POST https://cloudresourcemanager.googleapis.com/v1/projects/happybaby-6de42:testIamPermissions 200
[debug] [2026-08-21T02:58:01.841Z] <<< [apiv2][body] POST https://cloudresourcemanager.googleapis.com/v1/projects/happybaby-6de42:testIamPermissions {"permissions":["cloudfunctions.functions.create","cloudfunctions.functions.delete","cloudfunctions.functions.get","cloudfunctions.functions.list","cloudfunctions.functions.update","cloudfunctions.operations.get","firebase.projects.get"]}
[debug] [2026-08-21T02:58:01.841Z] Checked if tokens are valid: true, expires at: 1787284079594
[debug] [2026-08-21T02:58:01.841Z] Checked if tokens are valid: true, expires at: 1787284079594
[debug] [2026-08-21T02:58:01.841Z] >>> [apiv2][query] POST https://iam.googleapis.com/v1/projects/happybaby-6de42/serviceAccounts/happybaby-6de42@appspot.gserviceaccount.com:testIamPermissions [none]
[debug] [2026-08-21T02:58:01.841Z] >>> [apiv2][body] POST https://iam.googleapis.com/v1/projects/happybaby-6de42/serviceAccounts/happybaby-6de42@appspot.gserviceaccount.com:testIamPermissions {"permissions":["iam.serviceAccounts.actAs"]}
[debug] [2026-08-21T02:58:02.844Z] <<< [apiv2][status] POST https://iam.googleapis.com/v1/projects/happybaby-6de42/serviceAccounts/happybaby-6de42@appspot.gserviceaccount.com:testIamPermissions 200
[debug] [2026-08-21T02:58:02.844Z] <<< [apiv2][body] POST https://iam.googleapis.com/v1/projects/happybaby-6de42/serviceAccounts/happybaby-6de42@appspot.gserviceaccount.com:testIamPermissions {"permissions":["iam.serviceAccounts.actAs"]}
[info] 
[info] === Deploying to 'happybaby-6de42'...
[info] 
[info] i  deploying functions 
[debug] [2026-08-21T02:58:02.847Z] Checked if tokens are valid: true, expires at: 1787284079594
[debug] [2026-08-21T02:58:02.847Z] Checked if tokens are valid: true, expires at: 1787284079594
[debug] [2026-08-21T02:58:02.847Z] >>> [apiv2][query] GET https://cloudresourcemanager.googleapis.com/v1/projects/happybaby-6de42 [none]
[debug] [2026-08-21T02:58:03.073Z] <<< [apiv2][status] GET https://cloudresourcemanager.googleapis.com/v1/projects/happybaby-6de42 200
[debug] [2026-08-21T02:58:03.073Z] <<< [apiv2][body] GET https://cloudresourcemanager.googleapis.com/v1/projects/happybaby-6de42 {"projectNumber":"1075311024495","projectId":"happybaby-6de42","lifecycleState":"ACTIVE","name":"happybaby","labels":{"firebase":"enabled","firebase-core":"disabled"},"createTime":"2026-06-20T01:58:49.884Z"}
[info] i  functions: preparing codebase default for deployment 
[info] i  functions: ensuring required API cloudfunctions.googleapis.com is enabled... 
[info] i  functions: ensuring required API cloudbuild.googleapis.com is enabled... 
[info] i  artifactregistry: ensuring required API artifactregistry.googleapis.com is enabled... 
[debug] [2026-08-21T02:58:03.076Z] Checked if tokens are valid: true, expires at: 1787284079594
[debug] [2026-08-21T02:58:03.077Z] Checked if tokens are valid: true, expires at: 1787284079594
[debug] [2026-08-21T02:58:03.077Z] >>> [apiv2][query] GET https://firebase.googleapis.com/v1beta1/projects/happybaby-6de42/adminSdkConfig [none]
[debug] [2026-08-21T02:58:04.183Z] <<< [apiv2][status] GET https://firebase.googleapis.com/v1beta1/projects/happybaby-6de42/adminSdkConfig 200
[debug] [2026-08-21T02:58:04.183Z] <<< [apiv2][body] GET https://firebase.googleapis.com/v1beta1/projects/happybaby-6de42/adminSdkConfig {"projectId":"happybaby-6de42","storageBucket":"happybaby-6de42.firebasestorage.app"}
[debug] [2026-08-21T02:58:04.184Z] Validating nodejs source
[debug] [2026-08-21T02:58:04.800Z] > [functions] package.json contents: {
  "name": "functions",
  "description": "Cloud Functions for Firebase",
  "scripts": {
    "serve": "firebase emulators:start --only functions",
    "shell": "firebase functions:shell",
    "start": "npm run shell",
    "deploy": "firebase deploy --only functions",
    "logs": "firebase functions:log"
  },
  "engines": {
    "node": "22"
  },
  "main": "index.js",
  "dependencies": {
    "axios": "^1.19.0",
    "firebase-admin": "^13.6.0",
    "firebase-functions": "^7.0.0"
  },
  "devDependencies": {
    "firebase-functions-test": "^3.4.1"
  },
  "private": true
}
[debug] [2026-08-21T02:58:04.800Z] Building nodejs source
[info] i  functions: Loading and analyzing source code for codebase default to determine what to deploy 
[debug] [2026-08-21T02:58:04.801Z] Could not find functions.yaml. Must use http discovery
[debug] [2026-08-21T02:58:04.807Z] Found firebase-functions binary at 'C:\Users\Master\Desktop\육아메이트\functions\node_modules\.bin\firebase-functions'
[info] Serving at port 8630

[debug] [2026-08-21T02:58:05.388Z] Got response from /__/functions.yaml {"endpoints":{"kakaoCustomAuth":{"availableMemoryMb":null,"timeoutSeconds":null,"minInstances":null,"maxInstances":10,"ingressSettings":null,"concurrency":null,"serviceAccountEmail":null,"vpc":null,"platform":"gcfv2","labels":{},"callableTrigger":{},"entryPoint":"kakaoCustomAuth"},"sendFamilyPush":{"availableMemoryMb":null,"timeoutSeconds":null,"minInstances":null,"maxInstances":10,"ingressSettings":null,"concurrency":null,"serviceAccountEmail":null,"vpc":null,"platform":"gcfv2","region":["asia-northeast3"],"labels":{},"callableTrigger":{},"entryPoint":"sendFamilyPush"},"deleteUserAccount":{"availableMemoryMb":null,"timeoutSeconds":null,"minInstances":null,"maxInstances":10,"ingressSettings":null,"concurrency":null,"serviceAccountEmail":null,"vpc":null,"platform":"gcfv2","region":["asia-northeast3"],"labels":{},"callableTrigger":{},"entryPoint":"deleteUserAccount"},"bedtimeReminder":{"availableMemoryMb":null,"timeoutSeconds":null,"minInstances":null,"maxInstances":2,"ingressSettings":null,"concurrency":null,"serviceAccountEmail":null,"vpc":null,"platform":"gcfv2","region":["asia-northeast3"],"labels":{},"scheduleTrigger":{"schedule":"every 15 minutes","retryConfig":{},"timeZone":"Asia/Seoul"},"entryPoint":"bedtimeReminder"},"countWaitlist":{"availableMemoryMb":null,"timeoutSeconds":null,"minInstances":null,"maxInstances":null,"ingressSettings":null,"concurrency":null,"serviceAccountEmail":null,"vpc":null,"platform":"gcfv2","region":["asia-northeast3"],"labels":{},"eventTrigger":{"eventType":"google.cloud.firestore.document.v1.created","eventFilters":{"database":"(default)","namespace":"(default)"},"eventFilterPathPatterns":{"document":"waitlist/{docId}"},"retry":false},"entryPoint":"countWaitlist"}},"specVersion":"v1alpha1","requiredAPIs":[{"api":"cloudscheduler.googleapis.com","reason":"Needed for scheduled functions."}],"extensions":{}}
[debug] [2026-08-21T02:58:08.412Z] Checked if tokens are valid: true, expires at: 1787284079594
[debug] [2026-08-21T02:58:08.412Z] Checked if tokens are valid: true, expires at: 1787284079594
[debug] [2026-08-21T02:58:08.412Z] >>> [apiv2][query] GET https://cloudfunctions.googleapis.com/v1/projects/happybaby-6de42/locations/-/functions [none]
[debug] [2026-08-21T02:58:09.075Z] <<< [apiv2][status] GET https://cloudfunctions.googleapis.com/v1/projects/happybaby-6de42/locations/-/functions 200
[debug] [2026-08-21T02:58:09.076Z] <<< [apiv2][body] GET https://cloudfunctions.googleapis.com/v1/projects/happybaby-6de42/locations/-/functions {}
[debug] [2026-08-21T02:58:09.076Z] Checked if tokens are valid: true, expires at: 1787284079594
[debug] [2026-08-21T02:58:09.076Z] Checked if tokens are valid: true, expires at: 1787284079594
[debug] [2026-08-21T02:58:09.076Z] >>> [apiv2][query] GET https://cloudfunctions.googleapis.com/v2/projects/happybaby-6de42/locations/-/functions filter=environment%3D%22GEN_2%22
[debug] [2026-08-21T02:58:10.447Z] <<< [apiv2][status] GET https://cloudfunctions.googleapis.com/v2/projects/happybaby-6de42/locations/-/functions 200
[debug] [2026-08-21T02:58:10.447Z] <<< [apiv2][body] GET https://cloudfunctions.googleapis.com/v2/projects/happybaby-6de42/locations/-/functions {"functions":[{"name":"projects/happybaby-6de42/locations/asia-northeast3/functions/sendFamilyPush","buildConfig":{"build":"projects/1075311024495/locations/asia-northeast3/builds/b5381784-9c9a-42aa-a348-5233c5c60943","runtime":"nodejs22","entryPoint":"sendFamilyPush","source":{"storageSource":{"bucket":"gcf-v2-sources-1075311024495-asia-northeast3","object":"sendFamilyPush/function-source.zip","generation":"1787280561236704"}},"environmentVariables":{"GOOGLE_NODE_RUN_SCRIPTS":""},"dockerRepository":"projects/happybaby-6de42/locations/asia-northeast3/repositories/gcf-artifacts","sourceProvenance":{"resolvedStorageSource":{"bucket":"gcf-v2-sources-1075311024495-asia-northeast3","object":"sendFamilyPush/function-source.zip","generation":"1787280561236704"}},"dockerRegistry":"ARTIFACT_REGISTRY","serviceAccount":"projects/happybaby-6de42/serviceAccounts/1075311024495-compute@developer.gserviceaccount.com","automaticUpdatePolicy":{}},"serviceConfig":{"service":"projects/happybaby-6de42/locations/asia-northeast3/services/sendfamilypush","timeoutSeconds":60,"environmentVariables":{"FIREBASE_CONFIG":"{\"projectId\":\"happybaby-6de42\",\"storageBucket\":\"happybaby-6de42.firebasestorage.app\"}","GCLOUD_PROJECT":"happybaby-6de42","EVENTARC_CLOUD_EVENT_SOURCE":"projects/happybaby-6de42/locations/asia-northeast3/services/sendFamilyPush","FUNCTION_REGION":"asia-northeast3","FUNCTION_TARGET":"sendFamilyPush","LOG_EXECUTION_ID":"true","FUNCTION_SIGNATURE_TYPE":"http"},"maxInstanceCount":10,"ingressSettings":"ALLOW_ALL","uri":"https://sendfamilypush-w4of67zzlq-du.a.run.app","serviceAccountEmail":"1075311024495-compute@developer.gserviceaccount.com","availableMemory":"256Mi","allTrafficOnLatestRevision":true,"revision":"sendfamilypush-00002-buv","maxInstanceRequestConcurrency":80,"availableCpu":"1"},"state":"ACTIVE","updateTime":"2026-08-21T02:49:28.555901272Z","labels":{"deployment-callable":"true","firebase-functions-hash":"e6e2ed34371eb805eba15f8b887b5fd0b969fc32","deployment-tool":"cli-firebase"},"environment":"GEN_2","url":"https://asia-northeast3-happybaby-6de42.cloudfunctions.net/sendFamilyPush","satisfiesPzs":true,"createTime":"2026-08-20T14:10:07.385671919Z","satisfiesPzi":true},{"name":"projects/happybaby-6de42/locations/asia-northeast3/functions/deleteUserAccount","buildConfig":{"build":"projects/1075311024495/locations/asia-northeast3/builds/b5381784-9c9a-42aa-a348-5233c5c60943","runtime":"nodejs22","entryPoint":"deleteUserAccount","source":{"storageSource":{"bucket":"gcf-v2-sources-1075311024495-asia-northeast3","object":"deleteUserAccount/function-source.zip","generation":"1787280561638415"}},"environmentVariables":{"GOOGLE_NODE_RUN_SCRIPTS":""},"dockerRepository":"projects/happybaby-6de42/locations/asia-northeast3/repositories/gcf-artifacts","sourceProvenance":{"resolvedStorageSource":{"bucket":"gcf-v2-sources-1075311024495-asia-northeast3","object":"deleteUserAccount/function-source.zip","generation":"1787280561638415"}},"dockerRegistry":"ARTIFACT_REGISTRY","serviceAccount":"projects/happybaby-6de42/serviceAccounts/1075311024495-compute@developer.gserviceaccount.com","automaticUpdatePolicy":{}},"serviceConfig":{"service":"projects/happybaby-6de42/locations/asia-northeast3/services/deleteuseraccount","timeoutSeconds":60,"environmentVariables":{"FIREBASE_CONFIG":"{\"projectId\":\"happybaby-6de42\",\"storageBucket\":\"happybaby-6de42.firebasestorage.app\"}","GCLOUD_PROJECT":"happybaby-6de42","EVENTARC_CLOUD_EVENT_SOURCE":"projects/happybaby-6de42/locations/asia-northeast3/services/deleteUserAccount","FUNCTION_REGION":"asia-northeast3","FUNCTION_TARGET":"deleteUserAccount","LOG_EXECUTION_ID":"true","FUNCTION_SIGNATURE_TYPE":"http"},"maxInstanceCount":10,"ingressSettings":"ALLOW_ALL","uri":"https://deleteuseraccount-w4of67zzlq-du.a.run.app","serviceAccountEmail":"1075311024495-compute@developer.gserviceaccount.com","availableMemory":"256Mi","allTrafficOnLatestRevision":true,"revision":"deleteuseraccount-00002-cax","maxInstanceRequestConcurrency":80,"availableCpu":"1"},"state":"ACTIVE","updateTime":"2026-08-21T02:49:27.719743926Z","labels":{"firebase-functions-hash":"e6e2ed34371eb805eba15f8b887b5fd0b969fc32","deployment-tool":"cli-firebase","deployment-callable":"true"},"environment":"GEN_2","url":"https://asia-northeast3-happybaby-6de42.cloudfunctions.net/deleteUserAccount","satisfiesPzs":true,"createTime":"2026-08-20T14:11:07.002669672Z","satisfiesPzi":true},{"name":"projects/happybaby-6de42/locations/asia-northeast3/functions/bedtimeReminder","buildConfig":{"build":"projects/1075311024495/locations/asia-northeast3/builds/b5381784-9c9a-42aa-a348-5233c5c60943","runtime":"nodejs22","entryPoint":"bedtimeReminder","source":{"storageSource":{"bucket":"gcf-v2-sources-1075311024495-asia-northeast3","object":"bedtimeReminder/function-source.zip","generation":"1787280511157272"}},"environmentVariables":{"GOOGLE_NODE_RUN_SCRIPTS":""},"dockerRepository":"projects/happybaby-6de42/locations/asia-northeast3/repositories/gcf-artifacts","sourceProvenance":{"resolvedStorageSource":{"bucket":"gcf-v2-sources-1075311024495-asia-northeast3","object":"bedtimeReminder/function-source.zip","generation":"1787280511157272"}},"dockerRegistry":"ARTIFACT_REGISTRY","serviceAccount":"projects/happybaby-6de42/serviceAccounts/1075311024495-compute@developer.gserviceaccount.com","automaticUpdatePolicy":{}},"serviceConfig":{"service":"projects/happybaby-6de42/locations/asia-northeast3/services/bedtimereminder","timeoutSeconds":60,"environmentVariables":{"FIREBASE_CONFIG":"{\"projectId\":\"happybaby-6de42\",\"storageBucket\":\"happybaby-6de42.firebasestorage.app\"}","GCLOUD_PROJECT":"happybaby-6de42","EVENTARC_CLOUD_EVENT_SOURCE":"projects/happybaby-6de42/locations/asia-northeast3/services/bedtimeReminder","FUNCTION_REGION":"asia-northeast3","FUNCTION_TARGET":"bedtimeReminder","LOG_EXECUTION_ID":"true"},"maxInstanceCount":2,"ingressSettings":"ALLOW_ALL","uri":"https://bedtimereminder-w4of67zzlq-du.a.run.app","serviceAccountEmail":"1075311024495-compute@developer.gserviceaccount.com","availableMemory":"256Mi","allTrafficOnLatestRevision":true,"revision":"bedtimereminder-00001-gim","maxInstanceRequestConcurrency":80,"availableCpu":"1"},"state":"ACTIVE","updateTime":"2026-08-21T02:49:20.290375237Z","labels":{"deployment-tool":"cli-firebase","deployment-scheduled":"true","firebase-functions-hash":"e6e2ed34371eb805eba15f8b887b5fd0b969fc32"},"environment":"GEN_2","url":"https://asia-northeast3-happybaby-6de42.cloudfunctions.net/bedtimeReminder","satisfiesPzs":true,"createTime":"2026-08-21T02:48:31.681922298Z","satisfiesPzi":true},{"name":"projects/happybaby-6de42/locations/us-central1/functions/kakaoCustomAuth","buildConfig":{"build":"projects/1075311024495/locations/us-central1/builds/a7993fc1-ef98-4275-ada4-40f737ad1eb7","runtime":"nodejs22","entryPoint":"kakaoCustomAuth","source":{"storageSource":{"bucket":"gcf-v2-sources-1075311024495-us-central1","object":"kakaoCustomAuth/function-source.zip","generation":"1787280512156483"}},"environmentVariables":{"GOOGLE_NODE_RUN_SCRIPTS":""},"dockerRepository":"projects/happybaby-6de42/locations/us-central1/repositories/gcf-artifacts","sourceProvenance":{"resolvedStorageSource":{"bucket":"gcf-v2-sources-1075311024495-us-central1","object":"kakaoCustomAuth/function-source.zip","generation":"1787280512156483"}},"dockerRegistry":"ARTIFACT_REGISTRY","serviceAccount":"projects/happybaby-6de42/serviceAccounts/1075311024495-compute@developer.gserviceaccount.com","automaticUpdatePolicy":{}},"serviceConfig":{"service":"projects/happybaby-6de42/locations/us-central1/services/kakaocustomauth","timeoutSeconds":60,"environmentVariables":{"FIREBASE_CONFIG":"{\"projectId\":\"happybaby-6de42\",\"storageBucket\":\"happybaby-6de42.firebasestorage.app\"}","GCLOUD_PROJECT":"happybaby-6de42","EVENTARC_CLOUD_EVENT_SOURCE":"projects/happybaby-6de42/locations/us-central1/services/kakaoCustomAuth","FUNCTION_REGION":"us-central1","FUNCTION_TARGET":"kakaoCustomAuth","LOG_EXECUTION_ID":"true"},"maxInstanceCount":10,"ingressSettings":"ALLOW_ALL","uri":"https://kakaocustomauth-w4of67zzlq-uc.a.run.app","serviceAccountEmail":"1075311024495-compute@developer.gserviceaccount.com","availableMemory":"256Mi","allTrafficOnLatestRevision":true,"revision":"kakaocustomauth-00002-kaz","maxInstanceRequestConcurrency":80,"availableCpu":"1"},"state":"ACTIVE","updateTime":"2026-08-21T02:49:24.285017686Z","labels":{"deployment-tool":"cli-firebase","deployment-callable":"true","firebase-functions-hash":"e6e2ed34371eb805eba15f8b887b5fd0b969fc32"},"environment":"GEN_2","url":"https://us-central1-happybaby-6de42.cloudfunctions.net/kakaoCustomAuth","createTime":"2026-08-20T14:10:05.174496875Z","satisfiesPzi":true}]}
[info] i  extensions: ensuring required API firebaseextensions.googleapis.com is enabled... 
[debug] [2026-08-21T02:58:10.449Z] > command requires scopes: ["email","openid","https://www.googleapis.com/auth/cloudplatformprojects.readonly","https://www.googleapis.com/auth/firebase","https://www.googleapis.com/auth/cloud-platform"]
[debug] [2026-08-21T02:58:10.449Z] > authorizing via signed-in user (tlswltjs27222@gmail.com)
[debug] [2026-08-21T02:58:10.449Z] [iam] checking project happybaby-6de42 for permissions ["firebase.projects.get","firebaseextensions.instances.list"]
[debug] [2026-08-21T02:58:10.449Z] Checked if tokens are valid: true, expires at: 1787284079594
[debug] [2026-08-21T02:58:10.450Z] Checked if tokens are valid: true, expires at: 1787284079594
[debug] [2026-08-21T02:58:10.450Z] >>> [apiv2][query] POST https://cloudresourcemanager.googleapis.com/v1/projects/happybaby-6de42:testIamPermissions [none]
[debug] [2026-08-21T02:58:10.450Z] >>> [apiv2][(partial)header] POST https://cloudresourcemanager.googleapis.com/v1/projects/happybaby-6de42:testIamPermissions  x-goog-user-project=happybaby-6de42
[debug] [2026-08-21T02:58:10.450Z] >>> [apiv2][body] POST https://cloudresourcemanager.googleapis.com/v1/projects/happybaby-6de42:testIamPermissions {"permissions":["firebase.projects.get","firebaseextensions.instances.list"]}
[debug] [2026-08-21T02:58:10.663Z] <<< [apiv2][status] POST https://cloudresourcemanager.googleapis.com/v1/projects/happybaby-6de42:testIamPermissions 200
[debug] [2026-08-21T02:58:10.663Z] <<< [apiv2][body] POST https://cloudresourcemanager.googleapis.com/v1/projects/happybaby-6de42:testIamPermissions {"permissions":["firebase.projects.get","firebaseextensions.instances.list"]}
[debug] [2026-08-21T02:58:10.663Z] Checked if tokens are valid: true, expires at: 1787284079594
[debug] [2026-08-21T02:58:10.663Z] Checked if tokens are valid: true, expires at: 1787284079594
[debug] [2026-08-21T02:58:10.663Z] >>> [apiv2][query] GET https://firebaseextensions.googleapis.com/v1beta/projects/happybaby-6de42/instances pageSize=100&pageToken=
[debug] [2026-08-21T02:58:11.613Z] <<< [apiv2][status] GET https://firebaseextensions.googleapis.com/v1beta/projects/happybaby-6de42/instances 200
[debug] [2026-08-21T02:58:11.613Z] <<< [apiv2][body] GET https://firebaseextensions.googleapis.com/v1beta/projects/happybaby-6de42/instances {}
[debug] [2026-08-21T02:58:11.614Z] Attempting to merge .env secret bindings {} into declared secrets...)}
[debug] [2026-08-21T02:58:11.614Z] kakaoCustomAuth declared secrets: undefined
[debug] [2026-08-21T02:58:11.614Z] sendFamilyPush declared secrets: undefined
[debug] [2026-08-21T02:58:11.614Z] deleteUserAccount declared secrets: undefined
[debug] [2026-08-21T02:58:11.614Z] bedtimeReminder declared secrets: undefined
[debug] [2026-08-21T02:58:11.614Z] countWaitlist declared secrets: undefined
[info] i  functions: preparing functions directory for uploading... 
[info] i  functions: packaged C:\Users\Master\Desktop\육아메이트\functions (74.52 KB) for uploading 
[debug] [2026-08-21T02:58:11.635Z] Checked if tokens are valid: true, expires at: 1787284079594
[debug] [2026-08-21T02:58:11.635Z] Checked if tokens are valid: true, expires at: 1787284079594
[debug] [2026-08-21T02:58:11.635Z] >>> [apiv2][query] GET https://firestore.googleapis.com/v1/projects/happybaby-6de42/databases/(default) [none]
[debug] [2026-08-21T02:58:11.761Z] <<< [apiv2][status] GET https://firestore.googleapis.com/v1/projects/happybaby-6de42/databases/(default) 200
[debug] [2026-08-21T02:58:11.761Z] <<< [apiv2][body] GET https://firestore.googleapis.com/v1/projects/happybaby-6de42/databases/(default) {"name":"projects/happybaby-6de42/databases/(default)","uid":"34e868c2-760e-462e-90a1-f08efba70a3c","createTime":"2026-06-20T05:33:04.233815Z","updateTime":"2026-06-20T05:33:04.233815Z","locationId":"asia-northeast3","type":"FIRESTORE_NATIVE","concurrencyMode":"PESSIMISTIC","versionRetentionPeriod":"3600s","earliestVersionTime":"2026-08-21T01:58:14.030748Z","appEngineIntegrationMode":"DISABLED","keyPrefix":"v","pointInTimeRecoveryEnablement":"POINT_IN_TIME_RECOVERY_DISABLED","deleteProtectionState":"DELETE_PROTECTION_DISABLED","databaseEdition":"STANDARD","freeTier":true,"realtimeUpdatesMode":"REALTIME_UPDATES_MODE_ENABLED","enhancedTextSearchQueryMode":"ENHANCED_QUERY_MODE_ENABLED","etag":"IKrl5PXcsJYDML7jscH0/JUD"}
[info] i  functions: ensuring required API cloudscheduler.googleapis.com is enabled... 
[info] i  functions: ensuring required API run.googleapis.com is enabled... 
[info] i  functions: ensuring required API eventarc.googleapis.com is enabled... 
[info] i  functions: ensuring required API pubsub.googleapis.com is enabled... 
[info] i  functions: ensuring required API storage.googleapis.com is enabled... 
[info] i  functions: generating the service identity for pubsub.googleapis.com... 
[debug] [2026-08-21T02:58:11.765Z] Checked if tokens are valid: true, expires at: 1787284079594
[debug] [2026-08-21T02:58:11.765Z] Checked if tokens are valid: true, expires at: 1787284079594
[info] i  functions: generating the service identity for eventarc.googleapis.com... 
[debug] [2026-08-21T02:58:11.765Z] Checked if tokens are valid: true, expires at: 1787284079594
[debug] [2026-08-21T02:58:11.765Z] Checked if tokens are valid: true, expires at: 1787284079594
[debug] [2026-08-21T02:58:11.765Z] >>> [apiv2][query] POST https://serviceusage.googleapis.com/v1beta1/projects/1075311024495/services/pubsub.googleapis.com:generateServiceIdentity [none]
[debug] [2026-08-21T02:58:11.765Z] >>> [apiv2][(partial)header] POST https://serviceusage.googleapis.com/v1beta1/projects/1075311024495/services/pubsub.googleapis.com:generateServiceIdentity  x-goog-user-project=1075311024495
[debug] [2026-08-21T02:58:11.765Z] >>> [apiv2][body] POST https://serviceusage.googleapis.com/v1beta1/projects/1075311024495/services/pubsub.googleapis.com:generateServiceIdentity {}
[debug] [2026-08-21T02:58:11.765Z] >>> [apiv2][query] POST https://serviceusage.googleapis.com/v1beta1/projects/1075311024495/services/eventarc.googleapis.com:generateServiceIdentity [none]
[debug] [2026-08-21T02:58:11.766Z] >>> [apiv2][(partial)header] POST https://serviceusage.googleapis.com/v1beta1/projects/1075311024495/services/eventarc.googleapis.com:generateServiceIdentity  x-goog-user-project=1075311024495
[debug] [2026-08-21T02:58:11.766Z] >>> [apiv2][body] POST https://serviceusage.googleapis.com/v1beta1/projects/1075311024495/services/eventarc.googleapis.com:generateServiceIdentity {}
[debug] [2026-08-21T02:58:12.958Z] <<< [apiv2][status] POST https://serviceusage.googleapis.com/v1beta1/projects/1075311024495/services/eventarc.googleapis.com:generateServiceIdentity 200
[debug] [2026-08-21T02:58:12.958Z] <<< [apiv2][body] POST https://serviceusage.googleapis.com/v1beta1/projects/1075311024495/services/eventarc.googleapis.com:generateServiceIdentity {"name":"operations/finished.DONE_OPERATION","done":true,"response":{"@type":"type.googleapis.com/google.api.serviceusage.v1beta1.ServiceIdentity","email":"service-1075311024495@gcp-sa-eventarc.iam.gserviceaccount.com","uniqueId":"108035587992553285287"}}
[debug] [2026-08-21T02:58:13.068Z] <<< [apiv2][status] POST https://serviceusage.googleapis.com/v1beta1/projects/1075311024495/services/pubsub.googleapis.com:generateServiceIdentity 200
[debug] [2026-08-21T02:58:13.068Z] <<< [apiv2][body] POST https://serviceusage.googleapis.com/v1beta1/projects/1075311024495/services/pubsub.googleapis.com:generateServiceIdentity {"name":"operations/finished.DONE_OPERATION","done":true,"response":{"@type":"type.googleapis.com/google.api.serviceusage.v1beta1.ServiceIdentity","email":"service-1075311024495@gcp-sa-pubsub.iam.gserviceaccount.com","uniqueId":"114877629167191143144"}}
[debug] [2026-08-21T02:58:13.070Z] Checked if tokens are valid: true, expires at: 1787284079594
[debug] [2026-08-21T02:58:13.070Z] Checked if tokens are valid: true, expires at: 1787284079594
[debug] [2026-08-21T02:58:13.070Z] >>> [apiv2][query] GET https://compute.googleapis.com/compute/v1/projects/1075311024495 [none]
[debug] [2026-08-21T02:58:13.385Z] <<< [apiv2][status] GET https://compute.googleapis.com/compute/v1/projects/1075311024495 403
[debug] [2026-08-21T02:58:13.385Z] <<< [apiv2][body] GET https://compute.googleapis.com/compute/v1/projects/1075311024495 {"error":{"code":403,"message":"Compute Engine API has not been used in project 1075311024495 before or it is disabled. Enable it by visiting https://console.developers.google.com/apis/api/compute.googleapis.com/overview?project=1075311024495 then retry. If you enabled this API recently, wait a few minutes for the action to propagate to our systems and retry.","errors":[{"message":"Compute Engine API has not been used in project 1075311024495 before or it is disabled. Enable it by visiting https://console.developers.google.com/apis/api/compute.googleapis.com/overview?project=1075311024495 then retry. If you enabled this API recently, wait a few minutes for the action to propagate to our systems and retry.","domain":"usageLimits","reason":"accessNotConfigured","extendedHelp":"https://console.developers.google.com"}],"status":"PERMISSION_DENIED","details":[{"@type":"type.googleapis.com/google.rpc.ErrorInfo","reason":"SERVICE_DISABLED","domain":"googleapis.com","metadata":{"activationUrl":"https://console.developers.google.com/apis/api/compute.googleapis.com/overview?project=1075311024495","service":"compute.googleapis.com","containerInfo":"1075311024495","consumer":"projects/1075311024495","serviceTitle":"Compute Engine API"}},{"@type":"type.googleapis.com/google.rpc.LocalizedMessage","locale":"en-US","message":"Compute Engine API has not been used in project 1075311024495 before or it is disabled. Enable it by visiting https://console.developers.google.com/apis/api/compute.googleapis.com/overview?project=1075311024495 then retry. If you enabled this API recently, wait a few minutes for the action to propagate to our systems and retry."},{"@type":"type.googleapis.com/google.rpc.Help","links":[{"description":"Google developers console API activation","url":"https://console.developers.google.com/apis/api/compute.googleapis.com/overview?project=1075311024495"}]}]}}
[debug] [2026-08-21T02:58:13.386Z] unable to look up default compute service account. Falling back to 1075311024495-compute@developer.gserviceaccount.com. Error: {"name":"FirebaseError","children":[],"context":{"body":{"error":{"code":403,"message":"Compute Engine API has not been used in project 1075311024495 before or it is disabled. Enable it by visiting https://console.developers.google.com/apis/api/compute.googleapis.com/overview?project=1075311024495 then retry. If you enabled this API recently, wait a few minutes for the action to propagate to our systems and retry.","errors":[{"message":"Compute Engine API has not been used in project 1075311024495 before or it is disabled. Enable it by visiting https://console.developers.google.com/apis/api/compute.googleapis.com/overview?project=1075311024495 then retry. If you enabled this API recently, wait a few minutes for the action to propagate to our systems and retry.","domain":"usageLimits","reason":"accessNotConfigured","extendedHelp":"https://console.developers.google.com"}],"status":"PERMISSION_DENIED","details":[{"@type":"type.googleapis.com/google.rpc.ErrorInfo","reason":"SERVICE_DISABLED","domain":"googleapis.com","metadata":{"activationUrl":"https://console.developers.google.com/apis/api/compute.googleapis.com/overview?project=1075311024495","service":"compute.googleapis.com","containerInfo":"1075311024495","consumer":"projects/1075311024495","serviceTitle":"Compute Engine API"}},{"@type":"type.googleapis.com/google.rpc.LocalizedMessage","locale":"en-US","message":"Compute Engine API has not been used in project 1075311024495 before or it is disabled. Enable it by visiting https://console.developers.google.com/apis/api/compute.googleapis.com/overview?project=1075311024495 then retry. If you enabled this API recently, wait a few minutes for the action to propagate to our systems and retry."},{"@type":"type.googleapis.com/google.rpc.Help","links":[{"description":"Google developers console API activation","url":"https://console.developers.google.com/apis/api/compute.googleapis.com/overview?project=1075311024495"}]}]}},"response":{"statusCode":403}},"exit":1,"message":"Request to https://compute.googleapis.com/compute/v1/projects/1075311024495 had HTTP Error: 403, Compute Engine API has not been used in project 1075311024495 before or it is disabled. Enable it by visiting https://console.developers.google.com/apis/api/compute.googleapis.com/overview?project=1075311024495 then retry. If you enabled this API recently, wait a few minutes for the action to propagate to our systems and retry.","status":403}
[debug] [2026-08-21T02:58:13.386Z] Checked if tokens are valid: true, expires at: 1787284079594
[debug] [2026-08-21T02:58:13.386Z] Checked if tokens are valid: true, expires at: 1787284079594
[debug] [2026-08-21T02:58:13.386Z] >>> [apiv2][query] POST https://cloudresourcemanager.googleapis.com/v1/projects/1075311024495:getIamPolicy [none]
[debug] [2026-08-21T02:58:13.641Z] <<< [apiv2][status] POST https://cloudresourcemanager.googleapis.com/v1/projects/1075311024495:getIamPolicy 200
[debug] [2026-08-21T02:58:13.641Z] <<< [apiv2][body] POST https://cloudresourcemanager.googleapis.com/v1/projects/1075311024495:getIamPolicy {"version":1,"etag":"BwZZhasdj/M=","bindings":[{"role":"roles/artifactregistry.serviceAgent","members":["serviceAccount:service-1075311024495@gcp-sa-artifactregistry.iam.gserviceaccount.com"]},{"role":"roles/cloudbuild.builds.builder","members":["serviceAccount:1075311024495@cloudbuild.gserviceaccount.com"]},{"role":"roles/cloudbuild.serviceAgent","members":["serviceAccount:service-1075311024495@gcp-sa-cloudbuild.iam.gserviceaccount.com"]},{"role":"roles/cloudfunctions.serviceAgent","members":["serviceAccount:service-1075311024495@gcf-admin-robot.iam.gserviceaccount.com"]},{"role":"roles/cloudscheduler.serviceAgent","members":["serviceAccount:service-1075311024495@gcp-sa-cloudscheduler.iam.gserviceaccount.com"]},{"role":"roles/containerregistry.ServiceAgent","members":["serviceAccount:service-1075311024495@containerregistry.iam.gserviceaccount.com"]},{"role":"roles/editor","members":["serviceAccount:1075311024495-compute@developer.gserviceaccount.com","serviceAccount:1075311024495@cloudservices.gserviceaccount.com","serviceAccount:happybaby-6de42@appspot.gserviceaccount.com"]},{"role":"roles/firebase.managementServiceAgent","members":["serviceAccount:service-1075311024495@gcp-sa-firebase.iam.gserviceaccount.com"]},{"role":"roles/firebase.sdkAdminServiceAgent","members":["serviceAccount:firebase-adminsdk-fbsvc@happybaby-6de42.iam.gserviceaccount.com"]},{"role":"roles/firebaseauth.admin","members":["serviceAccount:firebase-adminsdk-fbsvc@happybaby-6de42.iam.gserviceaccount.com"]},{"role":"roles/firebasemods.serviceAgent","members":["serviceAccount:service-1075311024495@gcp-sa-firebasemods.iam.gserviceaccount.com"]},{"role":"roles/firebaserules.system","members":["serviceAccount:service-1075311024495@firebase-rules.iam.gserviceaccount.com"]},{"role":"roles/firebasestorage.serviceAgent","members":["serviceAccount:service-1075311024495@gcp-sa-firebasestorage.iam.gserviceaccount.com"]},{"role":"roles/firestore.serviceAgent","members":["serviceAccount:service-1075311024495@gcp-sa-firestore.iam.gserviceaccount.com"]},{"role":"roles/iam.serviceAccountTokenCreator","members":["serviceAccount:firebase-adminsdk-fbsvc@happybaby-6de42.iam.gserviceaccount.com"]},{"role":"roles/owner","members":["user:tlswltjs27222@gmail.com"]},{"role":"roles/run.serviceAgent","members":["serviceAccount:service-1075311024495@serverless-robot-prod.iam.gserviceaccount.com"]},{"role":"roles/storage.admin","members":["serviceAccount:firebase-adminsdk-fbsvc@happybaby-6de42.iam.gserviceaccount.com"]}]}
[debug] [2026-08-21T02:58:13.642Z] Checked if tokens are valid: true, expires at: 1787284079594
[debug] [2026-08-21T02:58:13.642Z] Checked if tokens are valid: true, expires at: 1787284079594
[debug] [2026-08-21T02:58:13.642Z] >>> [apiv2][query] POST https://cloudresourcemanager.googleapis.com/v1/projects/1075311024495:setIamPolicy [none]
[debug] [2026-08-21T02:58:13.642Z] >>> [apiv2][body] POST https://cloudresourcemanager.googleapis.com/v1/projects/1075311024495:setIamPolicy {"policy":{"version":1,"etag":"BwZZhasdj/M=","bindings":[{"role":"roles/artifactregistry.serviceAgent","members":["serviceAccount:service-1075311024495@gcp-sa-artifactregistry.iam.gserviceaccount.com"]},{"role":"roles/cloudbuild.builds.builder","members":["serviceAccount:1075311024495@cloudbuild.gserviceaccount.com"]},{"role":"roles/cloudbuild.serviceAgent","members":["serviceAccount:service-1075311024495@gcp-sa-cloudbuild.iam.gserviceaccount.com"]},{"role":"roles/cloudfunctions.serviceAgent","members":["serviceAccount:service-1075311024495@gcf-admin-robot.iam.gserviceaccount.com"]},{"role":"roles/cloudscheduler.serviceAgent","members":["serviceAccount:service-1075311024495@gcp-sa-cloudscheduler.iam.gserviceaccount.com"]},{"role":"roles/containerregistry.ServiceAgent","members":["serviceAccount:service-1075311024495@containerregistry.iam.gserviceaccount.com"]},{"role":"roles/editor","members":["serviceAccount:1075311024495-compute@developer.gserviceaccount.com","serviceAccount:1075311024495@cloudservices.gserviceaccount.com","serviceAccount:happybaby-6de42@appspot.gserviceaccount.com"]},{"role":"roles/firebase.managementServiceAgent","members":["serviceAccount:service-1075311024495@gcp-sa-firebase.iam.gserviceaccount.com"]},{"role":"roles/firebase.sdkAdminServiceAgent","members":["serviceAccount:firebase-adminsdk-fbsvc@happybaby-6de42.iam.gserviceaccount.com"]},{"role":"roles/firebaseauth.admin","members":["serviceAccount:firebase-adminsdk-fbsvc@happybaby-6de42.iam.gserviceaccount.com"]},{"role":"roles/firebasemods.serviceAgent","members":["serviceAccount:service-1075311024495@gcp-sa-firebasemods.iam.gserviceaccount.com"]},{"role":"roles/firebaserules.system","members":["serviceAccount:service-1075311024495@firebase-rules.iam.gserviceaccount.com"]},{"role":"roles/firebasestorage.serviceAgent","members":["serviceAccount:service-1075311024495@gcp-sa-firebasestorage.iam.gserviceaccount.com"]},{"role":"roles/firestore.serviceAgent","members":["serviceAccount:service-1075311024495@gcp-sa-firestore.iam.gserviceaccount.com"]},{"role":"roles/iam.serviceAccountTokenCreator","members":["serviceAccount:firebase-adminsdk-fbsvc@happybaby-6de42.iam.gserviceaccount.com","serviceAccount:service-1075311024495@gcp-sa-pubsub.iam.gserviceaccount.com"]},{"role":"roles/owner","members":["user:tlswltjs27222@gmail.com"]},{"role":"roles/run.serviceAgent","members":["serviceAccount:service-1075311024495@serverless-robot-prod.iam.gserviceaccount.com"]},{"role":"roles/storage.admin","members":["serviceAccount:firebase-adminsdk-fbsvc@happybaby-6de42.iam.gserviceaccount.com"]},{"role":"roles/run.invoker","members":["serviceAccount:1075311024495-compute@developer.gserviceaccount.com"]},{"role":"roles/eventarc.eventReceiver","members":["serviceAccount:1075311024495-compute@developer.gserviceaccount.com"]}]},"updateMask":"bindings"}
[debug] [2026-08-21T02:58:14.532Z] <<< [apiv2][status] POST https://cloudresourcemanager.googleapis.com/v1/projects/1075311024495:setIamPolicy 200
[debug] [2026-08-21T02:58:14.532Z] <<< [apiv2][body] POST https://cloudresourcemanager.googleapis.com/v1/projects/1075311024495:setIamPolicy {"version":1,"etag":"BwZZhc7iPOc=","bindings":[{"role":"roles/artifactregistry.serviceAgent","members":["serviceAccount:service-1075311024495@gcp-sa-artifactregistry.iam.gserviceaccount.com"]},{"role":"roles/cloudbuild.builds.builder","members":["serviceAccount:1075311024495@cloudbuild.gserviceaccount.com"]},{"role":"roles/cloudbuild.serviceAgent","members":["serviceAccount:service-1075311024495@gcp-sa-cloudbuild.iam.gserviceaccount.com"]},{"role":"roles/cloudfunctions.serviceAgent","members":["serviceAccount:service-1075311024495@gcf-admin-robot.iam.gserviceaccount.com"]},{"role":"roles/cloudscheduler.serviceAgent","members":["serviceAccount:service-1075311024495@gcp-sa-cloudscheduler.iam.gserviceaccount.com"]},{"role":"roles/containerregistry.ServiceAgent","members":["serviceAccount:service-1075311024495@containerregistry.iam.gserviceaccount.com"]},{"role":"roles/editor","members":["serviceAccount:1075311024495-compute@developer.gserviceaccount.com","serviceAccount:1075311024495@cloudservices.gserviceaccount.com","serviceAccount:happybaby-6de42@appspot.gserviceaccount.com"]},{"role":"roles/eventarc.eventReceiver","members":["serviceAccount:1075311024495-compute@developer.gserviceaccount.com"]},{"role":"roles/firebase.managementServiceAgent","members":["serviceAccount:service-1075311024495@gcp-sa-firebase.iam.gserviceaccount.com"]},{"role":"roles/firebase.sdkAdminServiceAgent","members":["serviceAccount:firebase-adminsdk-fbsvc@happybaby-6de42.iam.gserviceaccount.com"]},{"role":"roles/firebaseauth.admin","members":["serviceAccount:firebase-adminsdk-fbsvc@happybaby-6de42.iam.gserviceaccount.com"]},{"role":"roles/firebasemods.serviceAgent","members":["serviceAccount:service-1075311024495@gcp-sa-firebasemods.iam.gserviceaccount.com"]},{"role":"roles/firebaserules.system","members":["serviceAccount:service-1075311024495@firebase-rules.iam.gserviceaccount.com"]},{"role":"roles/firebasestorage.serviceAgent","members":["serviceAccount:service-1075311024495@gcp-sa-firebasestorage.iam.gserviceaccount.com"]},{"role":"roles/firestore.serviceAgent","members":["serviceAccount:service-1075311024495@gcp-sa-firestore.iam.gserviceaccount.com"]},{"role":"roles/iam.serviceAccountTokenCreator","members":["serviceAccount:firebase-adminsdk-fbsvc@happybaby-6de42.iam.gserviceaccount.com","serviceAccount:service-1075311024495@gcp-sa-pubsub.iam.gserviceaccount.com"]},{"role":"roles/owner","members":["user:tlswltjs27222@gmail.com"]},{"role":"roles/run.invoker","members":["serviceAccount:1075311024495-compute@developer.gserviceaccount.com"]},{"role":"roles/run.serviceAgent","members":["serviceAccount:service-1075311024495@serverless-robot-prod.iam.gserviceaccount.com"]},{"role":"roles/storage.admin","members":["serviceAccount:firebase-adminsdk-fbsvc@happybaby-6de42.iam.gserviceaccount.com"]}]}
[debug] [2026-08-21T02:58:14.533Z] Checked if tokens are valid: true, expires at: 1787284079594
[debug] [2026-08-21T02:58:14.533Z] Checked if tokens are valid: true, expires at: 1787284079594
[debug] [2026-08-21T02:58:14.533Z] >>> [apiv2][query] GET https://cloudresourcemanager.googleapis.com/v1/projects/happybaby-6de42 [none]
[debug] [2026-08-21T02:58:14.731Z] <<< [apiv2][status] GET https://cloudresourcemanager.googleapis.com/v1/projects/happybaby-6de42 200
[debug] [2026-08-21T02:58:14.731Z] <<< [apiv2][body] GET https://cloudresourcemanager.googleapis.com/v1/projects/happybaby-6de42 {"projectNumber":"1075311024495","projectId":"happybaby-6de42","lifecycleState":"ACTIVE","name":"happybaby","labels":{"firebase":"enabled","firebase-core":"disabled"},"createTime":"2026-06-20T01:58:49.884Z"}
[debug] [2026-08-21T02:58:14.731Z] Checked if tokens are valid: true, expires at: 1787284079594
[debug] [2026-08-21T02:58:14.731Z] Checked if tokens are valid: true, expires at: 1787284079594
[debug] [2026-08-21T02:58:14.731Z] >>> [apiv2][query] GET https://compute.googleapis.com/compute/v1/projects/1075311024495 [none]
[debug] [2026-08-21T02:58:15.004Z] <<< [apiv2][status] GET https://compute.googleapis.com/compute/v1/projects/1075311024495 403
[debug] [2026-08-21T02:58:15.005Z] <<< [apiv2][body] GET https://compute.googleapis.com/compute/v1/projects/1075311024495 {"error":{"code":403,"message":"Compute Engine API has not been used in project 1075311024495 before or it is disabled. Enable it by visiting https://console.developers.google.com/apis/api/compute.googleapis.com/overview?project=1075311024495 then retry. If you enabled this API recently, wait a few minutes for the action to propagate to our systems and retry.","errors":[{"message":"Compute Engine API has not been used in project 1075311024495 before or it is disabled. Enable it by visiting https://console.developers.google.com/apis/api/compute.googleapis.com/overview?project=1075311024495 then retry. If you enabled this API recently, wait a few minutes for the action to propagate to our systems and retry.","domain":"usageLimits","reason":"accessNotConfigured","extendedHelp":"https://console.developers.google.com"}],"status":"PERMISSION_DENIED","details":[{"@type":"type.googleapis.com/google.rpc.ErrorInfo","reason":"SERVICE_DISABLED","domain":"googleapis.com","metadata":{"service":"compute.googleapis.com","activationUrl":"https://console.developers.google.com/apis/api/compute.googleapis.com/overview?project=1075311024495","serviceTitle":"Compute Engine API","containerInfo":"1075311024495","consumer":"projects/1075311024495"}},{"@type":"type.googleapis.com/google.rpc.LocalizedMessage","locale":"en-US","message":"Compute Engine API has not been used in project 1075311024495 before or it is disabled. Enable it by visiting https://console.developers.google.com/apis/api/compute.googleapis.com/overview?project=1075311024495 then retry. If you enabled this API recently, wait a few minutes for the action to propagate to our systems and retry."},{"@type":"type.googleapis.com/google.rpc.Help","links":[{"description":"Google developers console API activation","url":"https://console.developers.google.com/apis/api/compute.googleapis.com/overview?project=1075311024495"}]}]}}
[debug] [2026-08-21T02:58:15.005Z] unable to look up default compute service account. Falling back to 1075311024495-compute@developer.gserviceaccount.com. Error: {"name":"FirebaseError","children":[],"context":{"body":{"error":{"code":403,"message":"Compute Engine API has not been used in project 1075311024495 before or it is disabled. Enable it by visiting https://console.developers.google.com/apis/api/compute.googleapis.com/overview?project=1075311024495 then retry. If you enabled this API recently, wait a few minutes for the action to propagate to our systems and retry.","errors":[{"message":"Compute Engine API has not been used in project 1075311024495 before or it is disabled. Enable it by visiting https://console.developers.google.com/apis/api/compute.googleapis.com/overview?project=1075311024495 then retry. If you enabled this API recently, wait a few minutes for the action to propagate to our systems and retry.","domain":"usageLimits","reason":"accessNotConfigured","extendedHelp":"https://console.developers.google.com"}],"status":"PERMISSION_DENIED","details":[{"@type":"type.googleapis.com/google.rpc.ErrorInfo","reason":"SERVICE_DISABLED","domain":"googleapis.com","metadata":{"service":"compute.googleapis.com","activationUrl":"https://console.developers.google.com/apis/api/compute.googleapis.com/overview?project=1075311024495","serviceTitle":"Compute Engine API","containerInfo":"1075311024495","consumer":"projects/1075311024495"}},{"@type":"type.googleapis.com/google.rpc.LocalizedMessage","locale":"en-US","message":"Compute Engine API has not been used in project 1075311024495 before or it is disabled. Enable it by visiting https://console.developers.google.com/apis/api/compute.googleapis.com/overview?project=1075311024495 then retry. If you enabled this API recently, wait a few minutes for the action to propagate to our systems and retry."},{"@type":"type.googleapis.com/google.rpc.Help","links":[{"description":"Google developers console API activation","url":"https://console.developers.google.com/apis/api/compute.googleapis.com/overview?project=1075311024495"}]}]}},"response":{"statusCode":403}},"exit":1,"message":"Request to https://compute.googleapis.com/compute/v1/projects/1075311024495 had HTTP Error: 403, Compute Engine API has not been used in project 1075311024495 before or it is disabled. Enable it by visiting https://console.developers.google.com/apis/api/compute.googleapis.com/overview?project=1075311024495 then retry. If you enabled this API recently, wait a few minutes for the action to propagate to our systems and retry.","status":403}
[debug] [2026-08-21T02:58:15.005Z] Checked if tokens are valid: true, expires at: 1787284079594
[debug] [2026-08-21T02:58:15.005Z] Checked if tokens are valid: true, expires at: 1787284079594
[debug] [2026-08-21T02:58:15.005Z] >>> [apiv2][query] GET https://compute.googleapis.com/compute/v1/projects/1075311024495 [none]
[debug] [2026-08-21T02:58:15.281Z] <<< [apiv2][status] GET https://compute.googleapis.com/compute/v1/projects/1075311024495 403
[debug] [2026-08-21T02:58:15.281Z] <<< [apiv2][body] GET https://compute.googleapis.com/compute/v1/projects/1075311024495 {"error":{"code":403,"message":"Compute Engine API has not been used in project 1075311024495 before or it is disabled. Enable it by visiting https://console.developers.google.com/apis/api/compute.googleapis.com/overview?project=1075311024495 then retry. If you enabled this API recently, wait a few minutes for the action to propagate to our systems and retry.","errors":[{"message":"Compute Engine API has not been used in project 1075311024495 before or it is disabled. Enable it by visiting https://console.developers.google.com/apis/api/compute.googleapis.com/overview?project=1075311024495 then retry. If you enabled this API recently, wait a few minutes for the action to propagate to our systems and retry.","domain":"usageLimits","reason":"accessNotConfigured","extendedHelp":"https://console.developers.google.com"}],"status":"PERMISSION_DENIED","details":[{"@type":"type.googleapis.com/google.rpc.ErrorInfo","reason":"SERVICE_DISABLED","domain":"googleapis.com","metadata":{"activationUrl":"https://console.developers.google.com/apis/api/compute.googleapis.com/overview?project=1075311024495","consumer":"projects/1075311024495","containerInfo":"1075311024495","service":"compute.googleapis.com","serviceTitle":"Compute Engine API"}},{"@type":"type.googleapis.com/google.rpc.LocalizedMessage","locale":"en-US","message":"Compute Engine API has not been used in project 1075311024495 before or it is disabled. Enable it by visiting https://console.developers.google.com/apis/api/compute.googleapis.com/overview?project=1075311024495 then retry. If you enabled this API recently, wait a few minutes for the action to propagate to our systems and retry."},{"@type":"type.googleapis.com/google.rpc.Help","links":[{"description":"Google developers console API activation","url":"https://console.developers.google.com/apis/api/compute.googleapis.com/overview?project=1075311024495"}]}]}}
[debug] [2026-08-21T02:58:15.281Z] unable to look up default compute service account. Falling back to 1075311024495-compute@developer.gserviceaccount.com. Error: {"name":"FirebaseError","children":[],"context":{"body":{"error":{"code":403,"message":"Compute Engine API has not been used in project 1075311024495 before or it is disabled. Enable it by visiting https://console.developers.google.com/apis/api/compute.googleapis.com/overview?project=1075311024495 then retry. If you enabled this API recently, wait a few minutes for the action to propagate to our systems and retry.","errors":[{"message":"Compute Engine API has not been used in project 1075311024495 before or it is disabled. Enable it by visiting https://console.developers.google.com/apis/api/compute.googleapis.com/overview?project=1075311024495 then retry. If you enabled this API recently, wait a few minutes for the action to propagate to our systems and retry.","domain":"usageLimits","reason":"accessNotConfigured","extendedHelp":"https://console.developers.google.com"}],"status":"PERMISSION_DENIED","details":[{"@type":"type.googleapis.com/google.rpc.ErrorInfo","reason":"SERVICE_DISABLED","domain":"googleapis.com","metadata":{"activationUrl":"https://console.developers.google.com/apis/api/compute.googleapis.com/overview?project=1075311024495","consumer":"projects/1075311024495","containerInfo":"1075311024495","service":"compute.googleapis.com","serviceTitle":"Compute Engine API"}},{"@type":"type.googleapis.com/google.rpc.LocalizedMessage","locale":"en-US","message":"Compute Engine API has not been used in project 1075311024495 before or it is disabled. Enable it by visiting https://console.developers.google.com/apis/api/compute.googleapis.com/overview?project=1075311024495 then retry. If you enabled this API recently, wait a few minutes for the action to propagate to our systems and retry."},{"@type":"type.googleapis.com/google.rpc.Help","links":[{"description":"Google developers console API activation","url":"https://console.developers.google.com/apis/api/compute.googleapis.com/overview?project=1075311024495"}]}]}},"response":{"statusCode":403}},"exit":1,"message":"Request to https://compute.googleapis.com/compute/v1/projects/1075311024495 had HTTP Error: 403, Compute Engine API has not been used in project 1075311024495 before or it is disabled. Enable it by visiting https://console.developers.google.com/apis/api/compute.googleapis.com/overview?project=1075311024495 then retry. If you enabled this API recently, wait a few minutes for the action to propagate to our systems and retry.","status":403}
[debug] [2026-08-21T02:58:15.281Z] Checked if tokens are valid: true, expires at: 1787284079594
[debug] [2026-08-21T02:58:15.281Z] Checked if tokens are valid: true, expires at: 1787284079594
[debug] [2026-08-21T02:58:15.281Z] >>> [apiv2][query] GET https://compute.googleapis.com/compute/v1/projects/1075311024495 [none]
[debug] [2026-08-21T02:58:15.551Z] <<< [apiv2][status] GET https://compute.googleapis.com/compute/v1/projects/1075311024495 403
[debug] [2026-08-21T02:58:15.551Z] <<< [apiv2][body] GET https://compute.googleapis.com/compute/v1/projects/1075311024495 {"error":{"code":403,"message":"Compute Engine API has not been used in project 1075311024495 before or it is disabled. Enable it by visiting https://console.developers.google.com/apis/api/compute.googleapis.com/overview?project=1075311024495 then retry. If you enabled this API recently, wait a few minutes for the action to propagate to our systems and retry.","errors":[{"message":"Compute Engine API has not been used in project 1075311024495 before or it is disabled. Enable it by visiting https://console.developers.google.com/apis/api/compute.googleapis.com/overview?project=1075311024495 then retry. If you enabled this API recently, wait a few minutes for the action to propagate to our systems and retry.","domain":"usageLimits","reason":"accessNotConfigured","extendedHelp":"https://console.developers.google.com"}],"status":"PERMISSION_DENIED","details":[{"@type":"type.googleapis.com/google.rpc.ErrorInfo","reason":"SERVICE_DISABLED","domain":"googleapis.com","metadata":{"service":"compute.googleapis.com","containerInfo":"1075311024495","activationUrl":"https://console.developers.google.com/apis/api/compute.googleapis.com/overview?project=1075311024495","serviceTitle":"Compute Engine API","consumer":"projects/1075311024495"}},{"@type":"type.googleapis.com/google.rpc.LocalizedMessage","locale":"en-US","message":"Compute Engine API has not been used in project 1075311024495 before or it is disabled. Enable it by visiting https://console.developers.google.com/apis/api/compute.googleapis.com/overview?project=1075311024495 then retry. If you enabled this API recently, wait a few minutes for the action to propagate to our systems and retry."},{"@type":"type.googleapis.com/google.rpc.Help","links":[{"description":"Google developers console API activation","url":"https://console.developers.google.com/apis/api/compute.googleapis.com/overview?project=1075311024495"}]}]}}
[debug] [2026-08-21T02:58:15.551Z] unable to look up default compute service account. Falling back to 1075311024495-compute@developer.gserviceaccount.com. Error: {"name":"FirebaseError","children":[],"context":{"body":{"error":{"code":403,"message":"Compute Engine API has not been used in project 1075311024495 before or it is disabled. Enable it by visiting https://console.developers.google.com/apis/api/compute.googleapis.com/overview?project=1075311024495 then retry. If you enabled this API recently, wait a few minutes for the action to propagate to our systems and retry.","errors":[{"message":"Compute Engine API has not been used in project 1075311024495 before or it is disabled. Enable it by visiting https://console.developers.google.com/apis/api/compute.googleapis.com/overview?project=1075311024495 then retry. If you enabled this API recently, wait a few minutes for the action to propagate to our systems and retry.","domain":"usageLimits","reason":"accessNotConfigured","extendedHelp":"https://console.developers.google.com"}],"status":"PERMISSION_DENIED","details":[{"@type":"type.googleapis.com/google.rpc.ErrorInfo","reason":"SERVICE_DISABLED","domain":"googleapis.com","metadata":{"service":"compute.googleapis.com","containerInfo":"1075311024495","activationUrl":"https://console.developers.google.com/apis/api/compute.googleapis.com/overview?project=1075311024495","serviceTitle":"Compute Engine API","consumer":"projects/1075311024495"}},{"@type":"type.googleapis.com/google.rpc.LocalizedMessage","locale":"en-US","message":"Compute Engine API has not been used in project 1075311024495 before or it is disabled. Enable it by visiting https://console.developers.google.com/apis/api/compute.googleapis.com/overview?project=1075311024495 then retry. If you enabled this API recently, wait a few minutes for the action to propagate to our systems and retry."},{"@type":"type.googleapis.com/google.rpc.Help","links":[{"description":"Google developers console API activation","url":"https://console.developers.google.com/apis/api/compute.googleapis.com/overview?project=1075311024495"}]}]}},"response":{"statusCode":403}},"exit":1,"message":"Request to https://compute.googleapis.com/compute/v1/projects/1075311024495 had HTTP Error: 403, Compute Engine API has not been used in project 1075311024495 before or it is disabled. Enable it by visiting https://console.developers.google.com/apis/api/compute.googleapis.com/overview?project=1075311024495 then retry. If you enabled this API recently, wait a few minutes for the action to propagate to our systems and retry.","status":403}
[debug] [2026-08-21T02:58:15.552Z] Checked if tokens are valid: true, expires at: 1787284079594
[debug] [2026-08-21T02:58:15.552Z] Checked if tokens are valid: true, expires at: 1787284079594
[debug] [2026-08-21T02:58:15.552Z] >>> [apiv2][query] GET https://compute.googleapis.com/compute/v1/projects/1075311024495 [none]
[debug] [2026-08-21T02:58:15.806Z] <<< [apiv2][status] GET https://compute.googleapis.com/compute/v1/projects/1075311024495 403
[debug] [2026-08-21T02:58:15.806Z] <<< [apiv2][body] GET https://compute.googleapis.com/compute/v1/projects/1075311024495 {"error":{"code":403,"message":"Compute Engine API has not been used in project 1075311024495 before or it is disabled. Enable it by visiting https://console.developers.google.com/apis/api/compute.googleapis.com/overview?project=1075311024495 then retry. If you enabled this API recently, wait a few minutes for the action to propagate to our systems and retry.","errors":[{"message":"Compute Engine API has not been used in project 1075311024495 before or it is disabled. Enable it by visiting https://console.developers.google.com/apis/api/compute.googleapis.com/overview?project=1075311024495 then retry. If you enabled this API recently, wait a few minutes for the action to propagate to our systems and retry.","domain":"usageLimits","reason":"accessNotConfigured","extendedHelp":"https://console.developers.google.com"}],"status":"PERMISSION_DENIED","details":[{"@type":"type.googleapis.com/google.rpc.ErrorInfo","reason":"SERVICE_DISABLED","domain":"googleapis.com","metadata":{"activationUrl":"https://console.developers.google.com/apis/api/compute.googleapis.com/overview?project=1075311024495","serviceTitle":"Compute Engine API","service":"compute.googleapis.com","containerInfo":"1075311024495","consumer":"projects/1075311024495"}},{"@type":"type.googleapis.com/google.rpc.LocalizedMessage","locale":"en-US","message":"Compute Engine API has not been used in project 1075311024495 before or it is disabled. Enable it by visiting https://console.developers.google.com/apis/api/compute.googleapis.com/overview?project=1075311024495 then retry. If you enabled this API recently, wait a few minutes for the action to propagate to our systems and retry."},{"@type":"type.googleapis.com/google.rpc.Help","links":[{"description":"Google developers console API activation","url":"https://console.developers.google.com/apis/api/compute.googleapis.com/overview?project=1075311024495"}]}]}}
[debug] [2026-08-21T02:58:15.806Z] unable to look up default compute service account. Falling back to 1075311024495-compute@developer.gserviceaccount.com. Error: {"name":"FirebaseError","children":[],"context":{"body":{"error":{"code":403,"message":"Compute Engine API has not been used in project 1075311024495 before or it is disabled. Enable it by visiting https://console.developers.google.com/apis/api/compute.googleapis.com/overview?project=1075311024495 then retry. If you enabled this API recently, wait a few minutes for the action to propagate to our systems and retry.","errors":[{"message":"Compute Engine API has not been used in project 1075311024495 before or it is disabled. Enable it by visiting https://console.developers.google.com/apis/api/compute.googleapis.com/overview?project=1075311024495 then retry. If you enabled this API recently, wait a few minutes for the action to propagate to our systems and retry.","domain":"usageLimits","reason":"accessNotConfigured","extendedHelp":"https://console.developers.google.com"}],"status":"PERMISSION_DENIED","details":[{"@type":"type.googleapis.com/google.rpc.ErrorInfo","reason":"SERVICE_DISABLED","domain":"googleapis.com","metadata":{"activationUrl":"https://console.developers.google.com/apis/api/compute.googleapis.com/overview?project=1075311024495","serviceTitle":"Compute Engine API","service":"compute.googleapis.com","containerInfo":"1075311024495","consumer":"projects/1075311024495"}},{"@type":"type.googleapis.com/google.rpc.LocalizedMessage","locale":"en-US","message":"Compute Engine API has not been used in project 1075311024495 before or it is disabled. Enable it by visiting https://console.developers.google.com/apis/api/compute.googleapis.com/overview?project=1075311024495 then retry. If you enabled this API recently, wait a few minutes for the action to propagate to our systems and retry."},{"@type":"type.googleapis.com/google.rpc.Help","links":[{"description":"Google developers console API activation","url":"https://console.developers.google.com/apis/api/compute.googleapis.com/overview?project=1075311024495"}]}]}},"response":{"statusCode":403}},"exit":1,"message":"Request to https://compute.googleapis.com/compute/v1/projects/1075311024495 had HTTP Error: 403, Compute Engine API has not been used in project 1075311024495 before or it is disabled. Enable it by visiting https://console.developers.google.com/apis/api/compute.googleapis.com/overview?project=1075311024495 then retry. If you enabled this API recently, wait a few minutes for the action to propagate to our systems and retry.","status":403}
[debug] [2026-08-21T02:58:15.806Z] Checked if tokens are valid: true, expires at: 1787284079594
[debug] [2026-08-21T02:58:15.806Z] Checked if tokens are valid: true, expires at: 1787284079594
[debug] [2026-08-21T02:58:15.806Z] >>> [apiv2][query] GET https://compute.googleapis.com/compute/v1/projects/1075311024495 [none]
[debug] [2026-08-21T02:58:16.063Z] <<< [apiv2][status] GET https://compute.googleapis.com/compute/v1/projects/1075311024495 403
[debug] [2026-08-21T02:58:16.063Z] <<< [apiv2][body] GET https://compute.googleapis.com/compute/v1/projects/1075311024495 {"error":{"code":403,"message":"Compute Engine API has not been used in project 1075311024495 before or it is disabled. Enable it by visiting https://console.developers.google.com/apis/api/compute.googleapis.com/overview?project=1075311024495 then retry. If you enabled this API recently, wait a few minutes for the action to propagate to our systems and retry.","errors":[{"message":"Compute Engine API has not been used in project 1075311024495 before or it is disabled. Enable it by visiting https://console.developers.google.com/apis/api/compute.googleapis.com/overview?project=1075311024495 then retry. If you enabled this API recently, wait a few minutes for the action to propagate to our systems and retry.","domain":"usageLimits","reason":"accessNotConfigured","extendedHelp":"https://console.developers.google.com"}],"status":"PERMISSION_DENIED","details":[{"@type":"type.googleapis.com/google.rpc.ErrorInfo","reason":"SERVICE_DISABLED","domain":"googleapis.com","metadata":{"service":"compute.googleapis.com","activationUrl":"https://console.developers.google.com/apis/api/compute.googleapis.com/overview?project=1075311024495","serviceTitle":"Compute Engine API","containerInfo":"1075311024495","consumer":"projects/1075311024495"}},{"@type":"type.googleapis.com/google.rpc.LocalizedMessage","locale":"en-US","message":"Compute Engine API has not been used in project 1075311024495 before or it is disabled. Enable it by visiting https://console.developers.google.com/apis/api/compute.googleapis.com/overview?project=1075311024495 then retry. If you enabled this API recently, wait a few minutes for the action to propagate to our systems and retry."},{"@type":"type.googleapis.com/google.rpc.Help","links":[{"description":"Google developers console API activation","url":"https://console.developers.google.com/apis/api/compute.googleapis.com/overview?project=1075311024495"}]}]}}
[debug] [2026-08-21T02:58:16.063Z] unable to look up default compute service account. Falling back to 1075311024495-compute@developer.gserviceaccount.com. Error: {"name":"FirebaseError","children":[],"context":{"body":{"error":{"code":403,"message":"Compute Engine API has not been used in project 1075311024495 before or it is disabled. Enable it by visiting https://console.developers.google.com/apis/api/compute.googleapis.com/overview?project=1075311024495 then retry. If you enabled this API recently, wait a few minutes for the action to propagate to our systems and retry.","errors":[{"message":"Compute Engine API has not been used in project 1075311024495 before or it is disabled. Enable it by visiting https://console.developers.google.com/apis/api/compute.googleapis.com/overview?project=1075311024495 then retry. If you enabled this API recently, wait a few minutes for the action to propagate to our systems and retry.","domain":"usageLimits","reason":"accessNotConfigured","extendedHelp":"https://console.developers.google.com"}],"status":"PERMISSION_DENIED","details":[{"@type":"type.googleapis.com/google.rpc.ErrorInfo","reason":"SERVICE_DISABLED","domain":"googleapis.com","metadata":{"service":"compute.googleapis.com","activationUrl":"https://console.developers.google.com/apis/api/compute.googleapis.com/overview?project=1075311024495","serviceTitle":"Compute Engine API","containerInfo":"1075311024495","consumer":"projects/1075311024495"}},{"@type":"type.googleapis.com/google.rpc.LocalizedMessage","locale":"en-US","message":"Compute Engine API has not been used in project 1075311024495 before or it is disabled. Enable it by visiting https://console.developers.google.com/apis/api/compute.googleapis.com/overview?project=1075311024495 then retry. If you enabled this API recently, wait a few minutes for the action to propagate to our systems and retry."},{"@type":"type.googleapis.com/google.rpc.Help","links":[{"description":"Google developers console API activation","url":"https://console.developers.google.com/apis/api/compute.googleapis.com/overview?project=1075311024495"}]}]}},"response":{"statusCode":403}},"exit":1,"message":"Request to https://compute.googleapis.com/compute/v1/projects/1075311024495 had HTTP Error: 403, Compute Engine API has not been used in project 1075311024495 before or it is disabled. Enable it by visiting https://console.developers.google.com/apis/api/compute.googleapis.com/overview?project=1075311024495 then retry. If you enabled this API recently, wait a few minutes for the action to propagate to our systems and retry.","status":403}
[debug] [2026-08-21T02:58:16.064Z] Checked if tokens are valid: true, expires at: 1787284079594
[debug] [2026-08-21T02:58:16.064Z] Checked if tokens are valid: true, expires at: 1787284079594
[debug] [2026-08-21T02:58:16.064Z] >>> [apiv2][query] GET https://cloudbilling.googleapis.com/v1/projects/happybaby-6de42/billingInfo [none]
[debug] [2026-08-21T02:58:16.064Z] >>> [apiv2][(partial)header] GET https://cloudbilling.googleapis.com/v1/projects/happybaby-6de42/billingInfo  x-goog-user-project=happybaby-6de42
[debug] [2026-08-21T02:58:17.445Z] <<< [apiv2][status] GET https://cloudbilling.googleapis.com/v1/projects/happybaby-6de42/billingInfo 200
[debug] [2026-08-21T02:58:17.445Z] <<< [apiv2][body] GET https://cloudbilling.googleapis.com/v1/projects/happybaby-6de42/billingInfo {"name":"projects/happybaby-6de42/billingInfo","projectId":"happybaby-6de42","billingAccountName":"billingAccounts/01135A-CEE8CB-F310FF","billingEnabled":true}
[debug] [2026-08-21T02:58:17.446Z] Checked if tokens are valid: true, expires at: 1787284079594
[debug] [2026-08-21T02:58:17.446Z] Checked if tokens are valid: true, expires at: 1787284079594
[debug] [2026-08-21T02:58:17.446Z] >>> [apiv2][query] POST https://cloudfunctions.googleapis.com/v2/projects/happybaby-6de42/locations/us-central1/functions:generateUploadUrl [none]
[debug] [2026-08-21T02:58:18.736Z] <<< [apiv2][status] POST https://cloudfunctions.googleapis.com/v2/projects/happybaby-6de42/locations/us-central1/functions:generateUploadUrl 200
[debug] [2026-08-21T02:58:18.736Z] <<< [apiv2][body] POST https://cloudfunctions.googleapis.com/v2/projects/happybaby-6de42/locations/us-central1/functions:generateUploadUrl {"uploadUrl":"https://storage.googleapis.com/gcf-v2-uploads-1075311024495.us-central1.cloudfunctions.appspot.com/a17c554a-b706-4502-9404-f0d603789209.zip?GoogleAccessId=service-1075311024495@gcf-admin-robot.iam.gserviceaccount.com&Expires=1787282900&Signature=GL9X23ZJArCQ5iggu728rWG%2BSKKrf8e90D%2BeSvFeVXyjU0RBIBnk73PMv7sJasRT7G%2F20ueNH%2Fpw6JcH05VLbMmz6ZhRaPyi9TjutNvuNPtv%2F6PsFG1iuDQOBeMXsK4ggq86tBl2jmo3EC2PG7vvzu62NDg3Le5SKYR9XkvdL0B4oXZxZJtkjTU2l3468yVb6BHDqzZjbGCtM9AXduw1ktFY9sbBNHvI6yB1boPuyezlo7HFkA6hUe%2BpumVXVSur3K1fjCxUHQx%2BnfjSsBSJnu3XnYwDCiKJA0qytGIG64JeqNYaYubd4zwWotDR2tXs9%2Bgw8j%2FlgCVvmTUYn6LFhw%3D%3D","storageSource":{"bucket":"gcf-v2-uploads-1075311024495.us-central1.cloudfunctions.appspot.com","object":"a17c554a-b706-4502-9404-f0d603789209.zip"}}
[debug] [2026-08-21T02:58:18.736Z] >>> [apiv2][query] PUT https://storage.googleapis.com/gcf-v2-uploads-1075311024495.us-central1.cloudfunctions.appspot.com/a17c554a-b706-4502-9404-f0d603789209.zip GoogleAccessId=service-1075311024495%40gcf-admin-robot.iam.gserviceaccount.com&Expires=1787282900&Signature=GL9X23ZJArCQ5iggu728rWG%2BSKKrf8e90D%2BeSvFeVXyjU0RBIBnk73PMv7sJasRT7G%2F20ueNH%2Fpw6JcH05VLbMmz6ZhRaPyi9TjutNvuNPtv%2F6PsFG1iuDQOBeMXsK4ggq86tBl2jmo3EC2PG7vvzu62NDg3Le5SKYR9XkvdL0B4oXZxZJtkjTU2l3468yVb6BHDqzZjbGCtM9AXduw1ktFY9sbBNHvI6yB1boPuyezlo7HFkA6hUe%2BpumVXVSur3K1fjCxUHQx%2BnfjSsBSJnu3XnYwDCiKJA0qytGIG64JeqNYaYubd4zwWotDR2tXs9%2Bgw8j%2FlgCVvmTUYn6LFhw%3D%3D
[debug] [2026-08-21T02:58:18.736Z] >>> [apiv2][body] PUT https://storage.googleapis.com/gcf-v2-uploads-1075311024495.us-central1.cloudfunctions.appspot.com/a17c554a-b706-4502-9404-f0d603789209.zip [stream]
[debug] [2026-08-21T02:58:19.262Z] <<< [apiv2][status] PUT https://storage.googleapis.com/gcf-v2-uploads-1075311024495.us-central1.cloudfunctions.appspot.com/a17c554a-b706-4502-9404-f0d603789209.zip 200
[debug] [2026-08-21T02:58:19.262Z] <<< [apiv2][body] PUT https://storage.googleapis.com/gcf-v2-uploads-1075311024495.us-central1.cloudfunctions.appspot.com/a17c554a-b706-4502-9404-f0d603789209.zip [omitted]
[info] +  functions: functions source uploaded successfully 
[info] i  functions: updating Node.js 22 (2nd Gen) function kakaoCustomAuth(us-central1)... 
[info] i  functions: creating Node.js 22 (2nd Gen) function countWaitlist(asia-northeast3)... 
[info] i  functions: updating Node.js 22 (2nd Gen) function sendFamilyPush(asia-northeast3)... 
[info] i  functions: updating Node.js 22 (2nd Gen) function deleteUserAccount(asia-northeast3)... 
[info] i  functions: updating Node.js 22 (2nd Gen) function bedtimeReminder(asia-northeast3)... 
[debug] [2026-08-21T02:58:19.267Z] Checked if tokens are valid: true, expires at: 1787284079594
[debug] [2026-08-21T02:58:19.267Z] Checked if tokens are valid: true, expires at: 1787284079594
[debug] [2026-08-21T02:58:19.267Z] Checked if tokens are valid: true, expires at: 1787284079594
[debug] [2026-08-21T02:58:19.267Z] Checked if tokens are valid: true, expires at: 1787284079594
[debug] [2026-08-21T02:58:19.267Z] >>> [apiv2][query] PATCH https://cloudfunctions.googleapis.com/v2/projects/happybaby-6de42/locations/us-central1/functions/kakaoCustomAuth updateMask=name%2CbuildConfig.runtime%2CbuildConfig.entryPoint%2CbuildConfig.source.storageSource.bucket%2CbuildConfig.source.storageSource.object%2CbuildConfig.environmentVariables%2CbuildConfig.sourceToken%2CserviceConfig.environmentVariables%2CserviceConfig.ingressSettings%2CserviceConfig.timeoutSeconds%2CserviceConfig.serviceAccountEmail%2CserviceConfig.availableMemory%2CserviceConfig.minInstanceCount%2CserviceConfig.maxInstanceCount%2CserviceConfig.maxInstanceRequestConcurrency%2CserviceConfig.availableCpu%2CserviceConfig.vpcConnector%2CserviceConfig.vpcConnectorEgressSettings%2CserviceConfig.directVpcNetworkInterface%2CserviceConfig.directVpcEgress%2Clabels
[debug] [2026-08-21T02:58:19.267Z] >>> [apiv2][body] PATCH https://cloudfunctions.googleapis.com/v2/projects/happybaby-6de42/locations/us-central1/functions/kakaoCustomAuth {"name":"projects/happybaby-6de42/locations/us-central1/functions/kakaoCustomAuth","buildConfig":{"runtime":"nodejs22","entryPoint":"kakaoCustomAuth","source":{"storageSource":{"bucket":"gcf-v2-uploads-1075311024495.us-central1.cloudfunctions.appspot.com","object":"a17c554a-b706-4502-9404-f0d603789209.zip"}},"environmentVariables":{"GOOGLE_NODE_RUN_SCRIPTS":""}},"serviceConfig":{"environmentVariables":{"FIREBASE_CONFIG":"{\"projectId\":\"happybaby-6de42\",\"storageBucket\":\"happybaby-6de42.firebasestorage.app\"}","GCLOUD_PROJECT":"happybaby-6de42","EVENTARC_CLOUD_EVENT_SOURCE":"projects/happybaby-6de42/locations/us-central1/services/kakaoCustomAuth","FUNCTION_REGION":"us-central1","FUNCTION_TARGET":"kakaoCustomAuth","LOG_EXECUTION_ID":"true"},"ingressSettings":null,"timeoutSeconds":null,"serviceAccountEmail":null,"availableMemory":"256Mi","minInstanceCount":null,"maxInstanceCount":10,"maxInstanceRequestConcurrency":80,"availableCpu":"1","vpcConnector":null,"vpcConnectorEgressSettings":null,"directVpcNetworkInterface":null,"directVpcEgress":null},"labels":{"deployment-tool":"cli-firebase","deployment-callable":"true","firebase-functions-hash":"4225db788bbfaa38bcc916ac672a58e67fb28878"}}
[debug] [2026-08-21T02:58:19.268Z] >>> [apiv2][query] POST https://cloudfunctions.googleapis.com/v2/projects/happybaby-6de42/locations/asia-northeast3/functions functionId=countWaitlist
[debug] [2026-08-21T02:58:19.268Z] >>> [apiv2][body] POST https://cloudfunctions.googleapis.com/v2/projects/happybaby-6de42/locations/asia-northeast3/functions {"name":"projects/happybaby-6de42/locations/asia-northeast3/functions/countWaitlist","buildConfig":{"runtime":"nodejs22","entryPoint":"countWaitlist","source":{"storageSource":{"bucket":"gcf-v2-uploads-1075311024495.us-central1.cloudfunctions.appspot.com","object":"a17c554a-b706-4502-9404-f0d603789209.zip"}},"environmentVariables":{"GOOGLE_NODE_RUN_SCRIPTS":""}},"serviceConfig":{"environmentVariables":{"FIREBASE_CONFIG":"{\"projectId\":\"happybaby-6de42\",\"storageBucket\":\"happybaby-6de42.firebasestorage.app\"}","GCLOUD_PROJECT":"happybaby-6de42","EVENTARC_CLOUD_EVENT_SOURCE":"projects/happybaby-6de42/locations/asia-northeast3/services/countWaitlist","FUNCTION_REGION":"asia-northeast3","FUNCTION_SIGNATURE_TYPE":"cloudevent","FUNCTION_TARGET":"countWaitlist","LOG_EXECUTION_ID":"true"},"ingressSettings":null,"timeoutSeconds":null,"serviceAccountEmail":null,"availableMemory":"256Mi","minInstanceCount":null,"maxInstanceCount":null,"maxInstanceRequestConcurrency":80,"availableCpu":"1","vpcConnector":null,"vpcConnectorEgressSettings":null,"directVpcNetworkInterface":null,"directVpcEgress":null},"labels":{"deployment-tool":"cli-firebase","firebase-functions-hash":"4225db788bbfaa38bcc916ac672a58e67fb28878"},"eventTrigger":{"eventType":"google.cloud.firestore.document.v1.created","retryPolicy":"RETRY_POLICY_DO_NOT_RETRY","eventFilters":[{"attribute":"database","value":"(default)"},{"attribute":"namespace","value":"(default)"},{"attribute":"document","value":"waitlist/{docId}","operator":"match-path-pattern"}],"triggerRegion":"asia-northeast3"}}
[debug] [2026-08-21T02:58:22.199Z] <<< [apiv2][status] PATCH https://cloudfunctions.googleapis.com/v2/projects/happybaby-6de42/locations/us-central1/functions/kakaoCustomAuth 200
[debug] [2026-08-21T02:58:22.199Z] <<< [apiv2][body] PATCH https://cloudfunctions.googleapis.com/v2/projects/happybaby-6de42/locations/us-central1/functions/kakaoCustomAuth {"name":"projects/happybaby-6de42/locations/us-central1/operations/operation-1787281102560-65985cf3b5c1d-37e6023f-fa012597","metadata":{"@type":"type.googleapis.com/google.cloud.functions.v2.OperationMetadata","createTime":"2026-08-21T02:58:24.347844844Z","target":"projects/happybaby-6de42/locations/us-central1/functions/kakaoCustomAuth","verb":"update","cancelRequested":false,"apiVersion":"v2"},"done":false}
[debug] [2026-08-21T02:58:22.199Z] Checked if tokens are valid: true, expires at: 1787284079594
[debug] [2026-08-21T02:58:22.199Z] Checked if tokens are valid: true, expires at: 1787284079594
[debug] [2026-08-21T02:58:22.199Z] >>> [apiv2][query] GET https://cloudfunctions.googleapis.com/v2/projects/happybaby-6de42/locations/us-central1/operations/operation-1787281102560-65985cf3b5c1d-37e6023f-fa012597 [none]
[debug] [2026-08-21T02:58:23.323Z] <<< [apiv2][status] GET https://cloudfunctions.googleapis.com/v2/projects/happybaby-6de42/locations/us-central1/operations/operation-1787281102560-65985cf3b5c1d-37e6023f-fa012597 200
[debug] [2026-08-21T02:58:23.323Z] <<< [apiv2][body] GET https://cloudfunctions.googleapis.com/v2/projects/happybaby-6de42/locations/us-central1/operations/operation-1787281102560-65985cf3b5c1d-37e6023f-fa012597 {"name":"projects/happybaby-6de42/locations/us-central1/operations/operation-1787281102560-65985cf3b5c1d-37e6023f-fa012597","metadata":{"@type":"type.googleapis.com/google.cloud.functions.v2.OperationMetadata","createTime":"2026-08-21T02:58:24.347844844Z","target":"projects/happybaby-6de42/locations/us-central1/functions/kakaoCustomAuth","verb":"update","cancelRequested":false,"apiVersion":"v2","requestResource":{"@type":"type.googleapis.com/google.cloud.functions.v2.Function","name":"projects/happybaby-6de42/locations/us-central1/functions/kakaoCustomAuth","buildConfig":{"runtime":"nodejs22","entryPoint":"kakaoCustomAuth","source":{"storageSource":{"bucket":"gcf-v2-sources-1075311024495-us-central1","object":"kakaoCustomAuth/function-source.zip","generation":"1787281104287540"}},"environmentVariables":{"GOOGLE_NODE_RUN_SCRIPTS":""},"dockerRepository":"projects/happybaby-6de42/locations/us-central1/repositories/gcf-artifacts","sourceProvenance":{"resolvedStorageSource":{"bucket":"gcf-v2-sources-1075311024495-us-central1","object":"kakaoCustomAuth/function-source.zip","generation":"1787280512156483"}},"dockerRegistry":"ARTIFACT_REGISTRY","serviceAccount":"projects/happybaby-6de42/serviceAccounts/1075311024495-compute@developer.gserviceaccount.com","automaticUpdatePolicy":{}},"serviceConfig":{"service":"projects/happybaby-6de42/locations/us-central1/services/kakaocustomauth","timeoutSeconds":60,"environmentVariables":{"FIREBASE_CONFIG":"{\"projectId\":\"happybaby-6de42\",\"storageBucket\":\"happybaby-6de42.firebasestorage.app\"}","GCLOUD_PROJECT":"happybaby-6de42","EVENTARC_CLOUD_EVENT_SOURCE":"projects/happybaby-6de42/locations/us-central1/services/kakaoCustomAuth","FUNCTION_REGION":"us-central1","FUNCTION_TARGET":"kakaoCustomAuth","LOG_EXECUTION_ID":"true"},"maxInstanceCount":10,"ingressSettings":"ALLOW_ALL","uri":"https://kakaocustomauth-w4of67zzlq-uc.a.run.app","serviceAccountEmail":"1075311024495-compute@developer.gserviceaccount.com","availableMemory":"256Mi","allTrafficOnLatestRevision":true,"revision":"kakaocustomauth-00002-kaz","maxInstanceRequestConcurrency":80,"availableCpu":"1"},"state":"ACTIVE","labels":{"deployment-tool":"cli-firebase","deployment-callable":"true","firebase-functions-hash":"4225db788bbfaa38bcc916ac672a58e67fb28878"},"environment":"GEN_2","url":"https://us-central1-happybaby-6de42.cloudfunctions.net/kakaoCustomAuth","satisfiesPzi":true},"stages":[{"name":"BUILD","message":"Build in progress","state":"IN_PROGRESS","resource":"projects/1075311024495/locations/us-central1/builds/3aea85d5-c457-4f74-b578-9c1af640fe9e","resourceUri":"https://console.cloud.google.com/cloud-build/builds;region=us-central1/3aea85d5-c457-4f74-b578-9c1af640fe9e?project=1075311024495"},{"name":"SERVICE","state":"NOT_STARTED"}],"operationType":"UPDATE_FUNCTION","buildName":"projects/1075311024495/locations/us-central1/builds/3aea85d5-c457-4f74-b578-9c1af640fe9e"},"done":false}
[debug] [2026-08-21T02:58:23.832Z] [update-default-us-central1-kakaoCustomAuth] Retrying task index 0
[debug] [2026-08-21T02:58:23.832Z] Checked if tokens are valid: true, expires at: 1787284079594
[debug] [2026-08-21T02:58:23.832Z] Checked if tokens are valid: true, expires at: 1787284079594
[debug] [2026-08-21T02:58:23.832Z] >>> [apiv2][query] GET https://cloudfunctions.googleapis.com/v2/projects/happybaby-6de42/locations/us-central1/operations/operation-1787281102560-65985cf3b5c1d-37e6023f-fa012597 [none]
[debug] [2026-08-21T02:58:24.981Z] <<< [apiv2][status] GET https://cloudfunctions.googleapis.com/v2/projects/happybaby-6de42/locations/us-central1/operations/operation-1787281102560-65985cf3b5c1d-37e6023f-fa012597 200
[debug] [2026-08-21T02:58:24.981Z] <<< [apiv2][body] GET https://cloudfunctions.googleapis.com/v2/projects/happybaby-6de42/locations/us-central1/operations/operation-1787281102560-65985cf3b5c1d-37e6023f-fa012597 {"name":"projects/happybaby-6de42/locations/us-central1/operations/operation-1787281102560-65985cf3b5c1d-37e6023f-fa012597","metadata":{"@type":"type.googleapis.com/google.cloud.functions.v2.OperationMetadata","createTime":"2026-08-21T02:58:24.347844844Z","target":"projects/happybaby-6de42/locations/us-central1/functions/kakaoCustomAuth","verb":"update","cancelRequested":false,"apiVersion":"v2","requestResource":{"@type":"type.googleapis.com/google.cloud.functions.v2.Function","name":"projects/happybaby-6de42/locations/us-central1/functions/kakaoCustomAuth","buildConfig":{"runtime":"nodejs22","entryPoint":"kakaoCustomAuth","source":{"storageSource":{"bucket":"gcf-v2-sources-1075311024495-us-central1","object":"kakaoCustomAuth/function-source.zip","generation":"1787281104287540"}},"environmentVariables":{"GOOGLE_NODE_RUN_SCRIPTS":""},"dockerRepository":"projects/happybaby-6de42/locations/us-central1/repositories/gcf-artifacts","sourceProvenance":{"resolvedStorageSource":{"bucket":"gcf-v2-sources-1075311024495-us-central1","object":"kakaoCustomAuth/function-source.zip","generation":"1787280512156483"}},"dockerRegistry":"ARTIFACT_REGISTRY","serviceAccount":"projects/happybaby-6de42/serviceAccounts/1075311024495-compute@developer.gserviceaccount.com","automaticUpdatePolicy":{}},"serviceConfig":{"service":"projects/happybaby-6de42/locations/us-central1/services/kakaocustomauth","timeoutSeconds":60,"environmentVariables":{"FIREBASE_CONFIG":"{\"projectId\":\"happybaby-6de42\",\"storageBucket\":\"happybaby-6de42.firebasestorage.app\"}","GCLOUD_PROJECT":"happybaby-6de42","EVENTARC_CLOUD_EVENT_SOURCE":"projects/happybaby-6de42/locations/us-central1/services/kakaoCustomAuth","FUNCTION_REGION":"us-central1","FUNCTION_TARGET":"kakaoCustomAuth","LOG_EXECUTION_ID":"true"},"maxInstanceCount":10,"ingressSettings":"ALLOW_ALL","uri":"https://kakaocustomauth-w4of67zzlq-uc.a.run.app","serviceAccountEmail":"1075311024495-compute@developer.gserviceaccount.com","availableMemory":"256Mi","allTrafficOnLatestRevision":true,"revision":"kakaocustomauth-00002-kaz","maxInstanceRequestConcurrency":80,"availableCpu":"1"},"state":"ACTIVE","labels":{"deployment-tool":"cli-firebase","deployment-callable":"true","firebase-functions-hash":"4225db788bbfaa38bcc916ac672a58e67fb28878"},"environment":"GEN_2","url":"https://us-central1-happybaby-6de42.cloudfunctions.net/kakaoCustomAuth","satisfiesPzi":true},"stages":[{"name":"BUILD","message":"Build in progress","state":"IN_PROGRESS","resource":"projects/1075311024495/locations/us-central1/builds/3aea85d5-c457-4f74-b578-9c1af640fe9e","resourceUri":"https://console.cloud.google.com/cloud-build/builds;region=us-central1/3aea85d5-c457-4f74-b578-9c1af640fe9e?project=1075311024495"},{"name":"SERVICE","state":"NOT_STARTED"}],"operationType":"UPDATE_FUNCTION","buildName":"projects/1075311024495/locations/us-central1/builds/3aea85d5-c457-4f74-b578-9c1af640fe9e"},"done":false}
[debug] [2026-08-21T02:58:25.982Z] [update-default-us-central1-kakaoCustomAuth] Retrying task index 0
[debug] [2026-08-21T02:58:25.983Z] Checked if tokens are valid: true, expires at: 1787284079594
[debug] [2026-08-21T02:58:25.983Z] Checked if tokens are valid: true, expires at: 1787284079594
[debug] [2026-08-21T02:58:25.983Z] >>> [apiv2][query] GET https://cloudfunctions.googleapis.com/v2/projects/happybaby-6de42/locations/us-central1/operations/operation-1787281102560-65985cf3b5c1d-37e6023f-fa012597 [none]
[debug] [2026-08-21T02:58:27.080Z] <<< [apiv2][status] GET https://cloudfunctions.googleapis.com/v2/projects/happybaby-6de42/locations/us-central1/operations/operation-1787281102560-65985cf3b5c1d-37e6023f-fa012597 200
[debug] [2026-08-21T02:58:27.080Z] <<< [apiv2][body] GET https://cloudfunctions.googleapis.com/v2/projects/happybaby-6de42/locations/us-central1/operations/operation-1787281102560-65985cf3b5c1d-37e6023f-fa012597 {"name":"projects/happybaby-6de42/locations/us-central1/operations/operation-1787281102560-65985cf3b5c1d-37e6023f-fa012597","metadata":{"@type":"type.googleapis.com/google.cloud.functions.v2.OperationMetadata","createTime":"2026-08-21T02:58:24.347844844Z","target":"projects/happybaby-6de42/locations/us-central1/functions/kakaoCustomAuth","verb":"update","cancelRequested":false,"apiVersion":"v2","requestResource":{"@type":"type.googleapis.com/google.cloud.functions.v2.Function","name":"projects/happybaby-6de42/locations/us-central1/functions/kakaoCustomAuth","buildConfig":{"runtime":"nodejs22","entryPoint":"kakaoCustomAuth","source":{"storageSource":{"bucket":"gcf-v2-sources-1075311024495-us-central1","object":"kakaoCustomAuth/function-source.zip","generation":"1787281104287540"}},"environmentVariables":{"GOOGLE_NODE_RUN_SCRIPTS":""},"dockerRepository":"projects/happybaby-6de42/locations/us-central1/repositories/gcf-artifacts","sourceProvenance":{"resolvedStorageSource":{"bucket":"gcf-v2-sources-1075311024495-us-central1","object":"kakaoCustomAuth/function-source.zip","generation":"1787280512156483"}},"dockerRegistry":"ARTIFACT_REGISTRY","serviceAccount":"projects/happybaby-6de42/serviceAccounts/1075311024495-compute@developer.gserviceaccount.com","automaticUpdatePolicy":{}},"serviceConfig":{"service":"projects/happybaby-6de42/locations/us-central1/services/kakaocustomauth","timeoutSeconds":60,"environmentVariables":{"FIREBASE_CONFIG":"{\"projectId\":\"happybaby-6de42\",\"storageBucket\":\"happybaby-6de42.firebasestorage.app\"}","GCLOUD_PROJECT":"happybaby-6de42","EVENTARC_CLOUD_EVENT_SOURCE":"projects/happybaby-6de42/locations/us-central1/services/kakaoCustomAuth","FUNCTION_REGION":"us-central1","FUNCTION_TARGET":"kakaoCustomAuth","LOG_EXECUTION_ID":"true"},"maxInstanceCount":10,"ingressSettings":"ALLOW_ALL","uri":"https://kakaocustomauth-w4of67zzlq-uc.a.run.app","serviceAccountEmail":"1075311024495-compute@developer.gserviceaccount.com","availableMemory":"256Mi","allTrafficOnLatestRevision":true,"revision":"kakaocustomauth-00002-kaz","maxInstanceRequestConcurrency":80,"availableCpu":"1"},"state":"ACTIVE","labels":{"deployment-tool":"cli-firebase","deployment-callable":"true","firebase-functions-hash":"4225db788bbfaa38bcc916ac672a58e67fb28878"},"environment":"GEN_2","url":"https://us-central1-happybaby-6de42.cloudfunctions.net/kakaoCustomAuth","satisfiesPzi":true},"stages":[{"name":"BUILD","message":"Build in progress","state":"IN_PROGRESS","resource":"projects/1075311024495/locations/us-central1/builds/3aea85d5-c457-4f74-b578-9c1af640fe9e","resourceUri":"https://console.cloud.google.com/cloud-build/builds;region=us-central1/3aea85d5-c457-4f74-b578-9c1af640fe9e?project=1075311024495"},{"name":"SERVICE","state":"NOT_STARTED"}],"operationType":"UPDATE_FUNCTION","buildName":"projects/1075311024495/locations/us-central1/builds/3aea85d5-c457-4f74-b578-9c1af640fe9e"},"done":false}
[debug] [2026-08-21T02:58:29.081Z] [update-default-us-central1-kakaoCustomAuth] Retrying task index 0
[debug] [2026-08-21T02:58:29.082Z] Checked if tokens are valid: true, expires at: 1787284079594
[debug] [2026-08-21T02:58:29.082Z] Checked if tokens are valid: true, expires at: 1787284079594
[debug] [2026-08-21T02:58:29.082Z] >>> [apiv2][query] GET https://cloudfunctions.googleapis.com/v2/projects/happybaby-6de42/locations/us-central1/operations/operation-1787281102560-65985cf3b5c1d-37e6023f-fa012597 [none]
[debug] [2026-08-21T02:58:30.204Z] <<< [apiv2][status] GET https://cloudfunctions.googleapis.com/v2/projects/happybaby-6de42/locations/us-central1/operations/operation-1787281102560-65985cf3b5c1d-37e6023f-fa012597 200
[debug] [2026-08-21T02:58:30.204Z] <<< [apiv2][body] GET https://cloudfunctions.googleapis.com/v2/projects/happybaby-6de42/locations/us-central1/operations/operation-1787281102560-65985cf3b5c1d-37e6023f-fa012597 {"name":"projects/happybaby-6de42/locations/us-central1/operations/operation-1787281102560-65985cf3b5c1d-37e6023f-fa012597","metadata":{"@type":"type.googleapis.com/google.cloud.functions.v2.OperationMetadata","createTime":"2026-08-21T02:58:24.347844844Z","target":"projects/happybaby-6de42/locations/us-central1/functions/kakaoCustomAuth","verb":"update","cancelRequested":false,"apiVersion":"v2","requestResource":{"@type":"type.googleapis.com/google.cloud.functions.v2.Function","name":"projects/happybaby-6de42/locations/us-central1/functions/kakaoCustomAuth","buildConfig":{"runtime":"nodejs22","entryPoint":"kakaoCustomAuth","source":{"storageSource":{"bucket":"gcf-v2-sources-1075311024495-us-central1","object":"kakaoCustomAuth/function-source.zip","generation":"1787281104287540"}},"environmentVariables":{"GOOGLE_NODE_RUN_SCRIPTS":""},"dockerRepository":"projects/happybaby-6de42/locations/us-central1/repositories/gcf-artifacts","sourceProvenance":{"resolvedStorageSource":{"bucket":"gcf-v2-sources-1075311024495-us-central1","object":"kakaoCustomAuth/function-source.zip","generation":"1787280512156483"}},"dockerRegistry":"ARTIFACT_REGISTRY","serviceAccount":"projects/happybaby-6de42/serviceAccounts/1075311024495-compute@developer.gserviceaccount.com","automaticUpdatePolicy":{}},"serviceConfig":{"service":"projects/happybaby-6de42/locations/us-central1/services/kakaocustomauth","timeoutSeconds":60,"environmentVariables":{"FIREBASE_CONFIG":"{\"projectId\":\"happybaby-6de42\",\"storageBucket\":\"happybaby-6de42.firebasestorage.app\"}","GCLOUD_PROJECT":"happybaby-6de42","EVENTARC_CLOUD_EVENT_SOURCE":"projects/happybaby-6de42/locations/us-central1/services/kakaoCustomAuth","FUNCTION_REGION":"us-central1","FUNCTION_TARGET":"kakaoCustomAuth","LOG_EXECUTION_ID":"true"},"maxInstanceCount":10,"ingressSettings":"ALLOW_ALL","uri":"https://kakaocustomauth-w4of67zzlq-uc.a.run.app","serviceAccountEmail":"1075311024495-compute@developer.gserviceaccount.com","availableMemory":"256Mi","allTrafficOnLatestRevision":true,"revision":"kakaocustomauth-00002-kaz","maxInstanceRequestConcurrency":80,"availableCpu":"1"},"state":"ACTIVE","labels":{"deployment-tool":"cli-firebase","deployment-callable":"true","firebase-functions-hash":"4225db788bbfaa38bcc916ac672a58e67fb28878"},"environment":"GEN_2","url":"https://us-central1-happybaby-6de42.cloudfunctions.net/kakaoCustomAuth","satisfiesPzi":true},"stages":[{"name":"BUILD","message":"Build in progress","state":"IN_PROGRESS","resource":"projects/1075311024495/locations/us-central1/builds/3aea85d5-c457-4f74-b578-9c1af640fe9e","resourceUri":"https://console.cloud.google.com/cloud-build/builds;region=us-central1/3aea85d5-c457-4f74-b578-9c1af640fe9e?project=1075311024495"},{"name":"SERVICE","state":"NOT_STARTED"}],"operationType":"UPDATE_FUNCTION","buildName":"projects/1075311024495/locations/us-central1/builds/3aea85d5-c457-4f74-b578-9c1af640fe9e"},"done":false}
[debug] [2026-08-21T02:58:34.207Z] [update-default-us-central1-kakaoCustomAuth] Retrying task index 0
[debug] [2026-08-21T02:58:34.209Z] Checked if tokens are valid: true, expires at: 1787284079594
[debug] [2026-08-21T02:58:34.209Z] Checked if tokens are valid: true, expires at: 1787284079594
[debug] [2026-08-21T02:58:34.209Z] >>> [apiv2][query] GET https://cloudfunctions.googleapis.com/v2/projects/happybaby-6de42/locations/us-central1/operations/operation-1787281102560-65985cf3b5c1d-37e6023f-fa012597 [none]
[debug] [2026-08-21T02:58:35.381Z] <<< [apiv2][status] GET https://cloudfunctions.googleapis.com/v2/projects/happybaby-6de42/locations/us-central1/operations/operation-1787281102560-65985cf3b5c1d-37e6023f-fa012597 200
[debug] [2026-08-21T02:58:35.381Z] <<< [apiv2][body] GET https://cloudfunctions.googleapis.com/v2/projects/happybaby-6de42/locations/us-central1/operations/operation-1787281102560-65985cf3b5c1d-37e6023f-fa012597 {"name":"projects/happybaby-6de42/locations/us-central1/operations/operation-1787281102560-65985cf3b5c1d-37e6023f-fa012597","metadata":{"@type":"type.googleapis.com/google.cloud.functions.v2.OperationMetadata","createTime":"2026-08-21T02:58:24.347844844Z","target":"projects/happybaby-6de42/locations/us-central1/functions/kakaoCustomAuth","verb":"update","cancelRequested":false,"apiVersion":"v2","requestResource":{"@type":"type.googleapis.com/google.cloud.functions.v2.Function","name":"projects/happybaby-6de42/locations/us-central1/functions/kakaoCustomAuth","buildConfig":{"runtime":"nodejs22","entryPoint":"kakaoCustomAuth","source":{"storageSource":{"bucket":"gcf-v2-sources-1075311024495-us-central1","object":"kakaoCustomAuth/function-source.zip","generation":"1787281104287540"}},"environmentVariables":{"GOOGLE_NODE_RUN_SCRIPTS":""},"dockerRepository":"projects/happybaby-6de42/locations/us-central1/repositories/gcf-artifacts","sourceProvenance":{"resolvedStorageSource":{"bucket":"gcf-v2-sources-1075311024495-us-central1","object":"kakaoCustomAuth/function-source.zip","generation":"1787280512156483"}},"dockerRegistry":"ARTIFACT_REGISTRY","serviceAccount":"projects/happybaby-6de42/serviceAccounts/1075311024495-compute@developer.gserviceaccount.com","automaticUpdatePolicy":{}},"serviceConfig":{"service":"projects/happybaby-6de42/locations/us-central1/services/kakaocustomauth","timeoutSeconds":60,"environmentVariables":{"FIREBASE_CONFIG":"{\"projectId\":\"happybaby-6de42\",\"storageBucket\":\"happybaby-6de42.firebasestorage.app\"}","GCLOUD_PROJECT":"happybaby-6de42","EVENTARC_CLOUD_EVENT_SOURCE":"projects/happybaby-6de42/locations/us-central1/services/kakaoCustomAuth","FUNCTION_REGION":"us-central1","FUNCTION_TARGET":"kakaoCustomAuth","LOG_EXECUTION_ID":"true"},"maxInstanceCount":10,"ingressSettings":"ALLOW_ALL","uri":"https://kakaocustomauth-w4of67zzlq-uc.a.run.app","serviceAccountEmail":"1075311024495-compute@developer.gserviceaccount.com","availableMemory":"256Mi","allTrafficOnLatestRevision":true,"revision":"kakaocustomauth-00002-kaz","maxInstanceRequestConcurrency":80,"availableCpu":"1"},"state":"ACTIVE","labels":{"deployment-tool":"cli-firebase","deployment-callable":"true","firebase-functions-hash":"4225db788bbfaa38bcc916ac672a58e67fb28878"},"environment":"GEN_2","url":"https://us-central1-happybaby-6de42.cloudfunctions.net/kakaoCustomAuth","satisfiesPzi":true},"stages":[{"name":"BUILD","message":"Build in progress","state":"IN_PROGRESS","resource":"projects/1075311024495/locations/us-central1/builds/3aea85d5-c457-4f74-b578-9c1af640fe9e","resourceUri":"https://console.cloud.google.com/cloud-build/builds;region=us-central1/3aea85d5-c457-4f74-b578-9c1af640fe9e?project=1075311024495"},{"name":"SERVICE","state":"NOT_STARTED"}],"operationType":"UPDATE_FUNCTION","buildName":"projects/1075311024495/locations/us-central1/builds/3aea85d5-c457-4f74-b578-9c1af640fe9e"},"done":false}
[debug] [2026-08-21T02:58:35.606Z] <<< [apiv2][status] POST https://cloudfunctions.googleapis.com/v2/projects/happybaby-6de42/locations/asia-northeast3/functions 400
[debug] [2026-08-21T02:58:35.606Z] <<< [apiv2][body] POST https://cloudfunctions.googleapis.com/v2/projects/happybaby-6de42/locations/asia-northeast3/functions {"error":{"code":400,"message":"Validation failed for trigger projects/happybaby-6de42/locations/asia-northeast3/triggers/countwaitlist-857758: Invalid resource state for \"\": Permission denied while using the Eventarc Service Agent. If you recently started to use Eventarc, it may take a few minutes before all necessary permissions are propagated to the Service Agent. Otherwise, verify that it has Eventarc Service Agent role.","status":"FAILED_PRECONDITION"}}
[warn] !  functions: Request to https://cloudfunctions.googleapis.com/v2/projects/happybaby-6de42/locations/asia-northeast3/functions?functionId=countWaitlist had HTTP Error: 400, Validation failed for trigger projects/happybaby-6de42/locations/asia-northeast3/triggers/countwaitlist-857758: Invalid resource state for "": Permission denied while using the Eventarc Service Agent. If you recently started to use Eventarc, it may take a few minutes before all necessary permissions are propagated to the Service Agent. Otherwise, verify that it has Eventarc Service Agent role. 
[warn] !  functions: Since this is your first time using 2nd gen functions, we need a little bit longer to finish setting everything up. Retry the deployment in a few minutes. 
[warn] !  functions:  failed to create function projects/happybaby-6de42/locations/asia-northeast3/functions/countWaitlist 
[error] Failed to create function projects/happybaby-6de42/locations/asia-northeast3/functions/countWaitlist
[debug] [2026-08-21T02:58:35.609Z] Checked if tokens are valid: true, expires at: 1787284079594
[debug] [2026-08-21T02:58:35.609Z] Checked if tokens are valid: true, expires at: 1787284079594
[debug] [2026-08-21T02:58:35.609Z] Checked if tokens are valid: true, expires at: 1787284079594
[debug] [2026-08-21T02:58:35.609Z] Checked if tokens are valid: true, expires at: 1787284079594
[debug] [2026-08-21T02:58:35.609Z] Checked if tokens are valid: true, expires at: 1787284079594
[debug] [2026-08-21T02:58:35.609Z] Checked if tokens are valid: true, expires at: 1787284079594
[debug] [2026-08-21T02:58:35.610Z] >>> [apiv2][query] PATCH https://cloudfunctions.googleapis.com/v2/projects/happybaby-6de42/locations/asia-northeast3/functions/sendFamilyPush updateMask=name%2CbuildConfig.runtime%2CbuildConfig.entryPoint%2CbuildConfig.source.storageSource.bucket%2CbuildConfig.source.storageSource.object%2CbuildConfig.environmentVariables%2CbuildConfig.sourceToken%2CserviceConfig.environmentVariables%2CserviceConfig.ingressSettings%2CserviceConfig.timeoutSeconds%2CserviceConfig.serviceAccountEmail%2CserviceConfig.availableMemory%2CserviceConfig.minInstanceCount%2CserviceConfig.maxInstanceCount%2CserviceConfig.maxInstanceRequestConcurrency%2CserviceConfig.availableCpu%2CserviceConfig.vpcConnector%2CserviceConfig.vpcConnectorEgressSettings%2CserviceConfig.directVpcNetworkInterface%2CserviceConfig.directVpcEgress%2Clabels
[debug] [2026-08-21T02:58:35.610Z] >>> [apiv2][body] PATCH https://cloudfunctions.googleapis.com/v2/projects/happybaby-6de42/locations/asia-northeast3/functions/sendFamilyPush {"name":"projects/happybaby-6de42/locations/asia-northeast3/functions/sendFamilyPush","buildConfig":{"runtime":"nodejs22","entryPoint":"sendFamilyPush","source":{"storageSource":{"bucket":"gcf-v2-uploads-1075311024495.us-central1.cloudfunctions.appspot.com","object":"a17c554a-b706-4502-9404-f0d603789209.zip"}},"environmentVariables":{"GOOGLE_NODE_RUN_SCRIPTS":""}},"serviceConfig":{"environmentVariables":{"FIREBASE_CONFIG":"{\"projectId\":\"happybaby-6de42\",\"storageBucket\":\"happybaby-6de42.firebasestorage.app\"}","GCLOUD_PROJECT":"happybaby-6de42","EVENTARC_CLOUD_EVENT_SOURCE":"projects/happybaby-6de42/locations/asia-northeast3/services/sendFamilyPush","FUNCTION_REGION":"asia-northeast3","FUNCTION_TARGET":"sendFamilyPush","LOG_EXECUTION_ID":"true","FUNCTION_SIGNATURE_TYPE":"http"},"ingressSettings":null,"timeoutSeconds":null,"serviceAccountEmail":null,"availableMemory":"256Mi","minInstanceCount":null,"maxInstanceCount":10,"maxInstanceRequestConcurrency":80,"availableCpu":"1","vpcConnector":null,"vpcConnectorEgressSettings":null,"directVpcNetworkInterface":null,"directVpcEgress":null},"labels":{"deployment-tool":"cli-firebase","deployment-callable":"true","firebase-functions-hash":"4225db788bbfaa38bcc916ac672a58e67fb28878"}}
[debug] [2026-08-21T02:58:35.610Z] >>> [apiv2][query] PATCH https://cloudfunctions.googleapis.com/v2/projects/happybaby-6de42/locations/asia-northeast3/functions/deleteUserAccount updateMask=name%2CbuildConfig.runtime%2CbuildConfig.entryPoint%2CbuildConfig.source.storageSource.bucket%2CbuildConfig.source.storageSource.object%2CbuildConfig.environmentVariables%2CbuildConfig.sourceToken%2CserviceConfig.environmentVariables%2CserviceConfig.ingressSettings%2CserviceConfig.timeoutSeconds%2CserviceConfig.serviceAccountEmail%2CserviceConfig.availableMemory%2CserviceConfig.minInstanceCount%2CserviceConfig.maxInstanceCount%2CserviceConfig.maxInstanceRequestConcurrency%2CserviceConfig.availableCpu%2CserviceConfig.vpcConnector%2CserviceConfig.vpcConnectorEgressSettings%2CserviceConfig.directVpcNetworkInterface%2CserviceConfig.directVpcEgress%2Clabels
[debug] [2026-08-21T02:58:35.610Z] >>> [apiv2][body] PATCH https://cloudfunctions.googleapis.com/v2/projects/happybaby-6de42/locations/asia-northeast3/functions/deleteUserAccount {"name":"projects/happybaby-6de42/locations/asia-northeast3/functions/deleteUserAccount","buildConfig":{"runtime":"nodejs22","entryPoint":"deleteUserAccount","source":{"storageSource":{"bucket":"gcf-v2-uploads-1075311024495.us-central1.cloudfunctions.appspot.com","object":"a17c554a-b706-4502-9404-f0d603789209.zip"}},"environmentVariables":{"GOOGLE_NODE_RUN_SCRIPTS":""}},"serviceConfig":{"environmentVariables":{"FIREBASE_CONFIG":"{\"projectId\":\"happybaby-6de42\",\"storageBucket\":\"happybaby-6de42.firebasestorage.app\"}","GCLOUD_PROJECT":"happybaby-6de42","EVENTARC_CLOUD_EVENT_SOURCE":"projects/happybaby-6de42/locations/asia-northeast3/services/deleteUserAccount","FUNCTION_REGION":"asia-northeast3","FUNCTION_TARGET":"deleteUserAccount","LOG_EXECUTION_ID":"true","FUNCTION_SIGNATURE_TYPE":"http"},"ingressSettings":null,"timeoutSeconds":null,"serviceAccountEmail":null,"availableMemory":"256Mi","minInstanceCount":null,"maxInstanceCount":10,"maxInstanceRequestConcurrency":80,"availableCpu":"1","vpcConnector":null,"vpcConnectorEgressSettings":null,"directVpcNetworkInterface":null,"directVpcEgress":null},"labels":{"deployment-tool":"cli-firebase","deployment-callable":"true","firebase-functions-hash":"4225db788bbfaa38bcc916ac672a58e67fb28878"}}
[debug] [2026-08-21T02:58:35.611Z] >>> [apiv2][query] PATCH https://cloudfunctions.googleapis.com/v2/projects/happybaby-6de42/locations/asia-northeast3/functions/bedtimeReminder updateMask=name%2CbuildConfig.runtime%2CbuildConfig.entryPoint%2CbuildConfig.source.storageSource.bucket%2CbuildConfig.source.storageSource.object%2CbuildConfig.environmentVariables%2CbuildConfig.sourceToken%2CserviceConfig.environmentVariables%2CserviceConfig.ingressSettings%2CserviceConfig.timeoutSeconds%2CserviceConfig.serviceAccountEmail%2CserviceConfig.availableMemory%2CserviceConfig.minInstanceCount%2CserviceConfig.maxInstanceCount%2CserviceConfig.maxInstanceRequestConcurrency%2CserviceConfig.availableCpu%2CserviceConfig.vpcConnector%2CserviceConfig.vpcConnectorEgressSettings%2CserviceConfig.directVpcNetworkInterface%2CserviceConfig.directVpcEgress%2Clabels
[debug] [2026-08-21T02:58:35.611Z] >>> [apiv2][body] PATCH https://cloudfunctions.googleapis.com/v2/projects/happybaby-6de42/locations/asia-northeast3/functions/bedtimeReminder {"name":"projects/happybaby-6de42/locations/asia-northeast3/functions/bedtimeReminder","buildConfig":{"runtime":"nodejs22","entryPoint":"bedtimeReminder","source":{"storageSource":{"bucket":"gcf-v2-uploads-1075311024495.us-central1.cloudfunctions.appspot.com","object":"a17c554a-b706-4502-9404-f0d603789209.zip"}},"environmentVariables":{"GOOGLE_NODE_RUN_SCRIPTS":""}},"serviceConfig":{"environmentVariables":{"FIREBASE_CONFIG":"{\"projectId\":\"happybaby-6de42\",\"storageBucket\":\"happybaby-6de42.firebasestorage.app\"}","GCLOUD_PROJECT":"happybaby-6de42","EVENTARC_CLOUD_EVENT_SOURCE":"projects/happybaby-6de42/locations/asia-northeast3/services/bedtimeReminder","FUNCTION_REGION":"asia-northeast3","FUNCTION_TARGET":"bedtimeReminder","LOG_EXECUTION_ID":"true"},"ingressSettings":null,"timeoutSeconds":null,"serviceAccountEmail":null,"availableMemory":"256Mi","minInstanceCount":null,"maxInstanceCount":2,"maxInstanceRequestConcurrency":80,"availableCpu":"1","vpcConnector":null,"vpcConnectorEgressSettings":null,"directVpcNetworkInterface":null,"directVpcEgress":null},"labels":{"deployment-tool":"cli-firebase","deployment-scheduled":"true","firebase-functions-hash":"4225db788bbfaa38bcc916ac672a58e67fb28878"}}
[debug] [2026-08-21T02:58:37.279Z] <<< [apiv2][status] PATCH https://cloudfunctions.googleapis.com/v2/projects/happybaby-6de42/locations/asia-northeast3/functions/deleteUserAccount 200
[debug] [2026-08-21T02:58:37.280Z] <<< [apiv2][body] PATCH https://cloudfunctions.googleapis.com/v2/projects/happybaby-6de42/locations/asia-northeast3/functions/deleteUserAccount {"name":"projects/happybaby-6de42/locations/asia-northeast3/operations/operation-1787281117979-65985d026a4a3-a2817241-9e98c370","metadata":{"@type":"type.googleapis.com/google.cloud.functions.v2.OperationMetadata","createTime":"2026-08-21T02:58:39.505536270Z","target":"projects/happybaby-6de42/locations/asia-northeast3/functions/deleteUserAccount","verb":"update","cancelRequested":false,"apiVersion":"v2"},"done":false}
[debug] [2026-08-21T02:58:37.280Z] Checked if tokens are valid: true, expires at: 1787284079594
[debug] [2026-08-21T02:58:37.280Z] Checked if tokens are valid: true, expires at: 1787284079594
[debug] [2026-08-21T02:58:37.280Z] >>> [apiv2][query] GET https://cloudfunctions.googleapis.com/v2/projects/happybaby-6de42/locations/asia-northeast3/operations/operation-1787281117979-65985d026a4a3-a2817241-9e98c370 [none]
[debug] [2026-08-21T02:58:37.404Z] <<< [apiv2][status] PATCH https://cloudfunctions.googleapis.com/v2/projects/happybaby-6de42/locations/asia-northeast3/functions/sendFamilyPush 200
[debug] [2026-08-21T02:58:37.404Z] <<< [apiv2][body] PATCH https://cloudfunctions.googleapis.com/v2/projects/happybaby-6de42/locations/asia-northeast3/functions/sendFamilyPush {"name":"projects/happybaby-6de42/locations/asia-northeast3/operations/operation-1787281118143-65985d0292256-f84610a5-1fb31848","metadata":{"@type":"type.googleapis.com/google.cloud.functions.v2.OperationMetadata","createTime":"2026-08-21T02:58:39.632114335Z","target":"projects/happybaby-6de42/locations/asia-northeast3/functions/sendFamilyPush","verb":"update","cancelRequested":false,"apiVersion":"v2"},"done":false}
[debug] [2026-08-21T02:58:37.405Z] Checked if tokens are valid: true, expires at: 1787284079594
[debug] [2026-08-21T02:58:37.405Z] Checked if tokens are valid: true, expires at: 1787284079594
[debug] [2026-08-21T02:58:37.405Z] >>> [apiv2][query] GET https://cloudfunctions.googleapis.com/v2/projects/happybaby-6de42/locations/asia-northeast3/operations/operation-1787281118143-65985d0292256-f84610a5-1fb31848 [none]
[debug] [2026-08-21T02:58:37.513Z] <<< [apiv2][status] PATCH https://cloudfunctions.googleapis.com/v2/projects/happybaby-6de42/locations/asia-northeast3/functions/bedtimeReminder 200
[debug] [2026-08-21T02:58:37.513Z] <<< [apiv2][body] PATCH https://cloudfunctions.googleapis.com/v2/projects/happybaby-6de42/locations/asia-northeast3/functions/bedtimeReminder {"name":"projects/happybaby-6de42/locations/asia-northeast3/operations/operation-1787281118144-65985d02926dc-600e9b7f-04b9a5eb","metadata":{"@type":"type.googleapis.com/google.cloud.functions.v2.OperationMetadata","createTime":"2026-08-21T02:58:39.740175822Z","target":"projects/happybaby-6de42/locations/asia-northeast3/functions/bedtimeReminder","verb":"update","cancelRequested":false,"apiVersion":"v2"},"done":false}
[debug] [2026-08-21T02:58:37.513Z] Checked if tokens are valid: true, expires at: 1787284079594
[debug] [2026-08-21T02:58:37.513Z] Checked if tokens are valid: true, expires at: 1787284079594
[debug] [2026-08-21T02:58:37.513Z] >>> [apiv2][query] GET https://cloudfunctions.googleapis.com/v2/projects/happybaby-6de42/locations/asia-northeast3/operations/operation-1787281118144-65985d02926dc-600e9b7f-04b9a5eb [none]
[debug] [2026-08-21T02:58:37.610Z] <<< [apiv2][status] GET https://cloudfunctions.googleapis.com/v2/projects/happybaby-6de42/locations/asia-northeast3/operations/operation-1787281117979-65985d026a4a3-a2817241-9e98c370 200
[debug] [2026-08-21T02:58:37.610Z] <<< [apiv2][body] GET https://cloudfunctions.googleapis.com/v2/projects/happybaby-6de42/locations/asia-northeast3/operations/operation-1787281117979-65985d026a4a3-a2817241-9e98c370 {"name":"projects/happybaby-6de42/locations/asia-northeast3/operations/operation-1787281117979-65985d026a4a3-a2817241-9e98c370","metadata":{"@type":"type.googleapis.com/google.cloud.functions.v2.OperationMetadata","createTime":"2026-08-21T02:58:39.505536270Z","target":"projects/happybaby-6de42/locations/asia-northeast3/functions/deleteUserAccount","verb":"update","cancelRequested":false,"apiVersion":"v2","requestResource":{"@type":"type.googleapis.com/google.cloud.functions.v2.Function","name":"projects/happybaby-6de42/locations/asia-northeast3/functions/deleteUserAccount","buildConfig":{"runtime":"nodejs22","entryPoint":"deleteUserAccount","source":{"storageSource":{"bucket":"gcf-v2-sources-1075311024495-asia-northeast3","object":"deleteUserAccount/function-source.zip","generation":"1787281119468900"}},"environmentVariables":{"GOOGLE_NODE_RUN_SCRIPTS":""},"dockerRepository":"projects/happybaby-6de42/locations/asia-northeast3/repositories/gcf-artifacts","sourceProvenance":{"resolvedStorageSource":{"bucket":"gcf-v2-sources-1075311024495-asia-northeast3","object":"deleteUserAccount/function-source.zip","generation":"1787280561638415"}},"dockerRegistry":"ARTIFACT_REGISTRY","serviceAccount":"projects/happybaby-6de42/serviceAccounts/1075311024495-compute@developer.gserviceaccount.com","automaticUpdatePolicy":{}},"serviceConfig":{"service":"projects/happybaby-6de42/locations/asia-northeast3/services/deleteuseraccount","timeoutSeconds":60,"environmentVariables":{"FIREBASE_CONFIG":"{\"projectId\":\"happybaby-6de42\",\"storageBucket\":\"happybaby-6de42.firebasestorage.app\"}","GCLOUD_PROJECT":"happybaby-6de42","EVENTARC_CLOUD_EVENT_SOURCE":"projects/happybaby-6de42/locations/asia-northeast3/services/deleteUserAccount","FUNCTION_REGION":"asia-northeast3","FUNCTION_TARGET":"deleteUserAccount","LOG_EXECUTION_ID":"true","FUNCTION_SIGNATURE_TYPE":"http"},"maxInstanceCount":10,"ingressSettings":"ALLOW_ALL","uri":"https://deleteuseraccount-w4of67zzlq-du.a.run.app","serviceAccountEmail":"1075311024495-compute@developer.gserviceaccount.com","availableMemory":"256Mi","allTrafficOnLatestRevision":true,"revision":"deleteuseraccount-00002-cax","maxInstanceRequestConcurrency":80,"availableCpu":"1"},"state":"ACTIVE","labels":{"deployment-tool":"cli-firebase","deployment-callable":"true","firebase-functions-hash":"4225db788bbfaa38bcc916ac672a58e67fb28878"},"environment":"GEN_2","url":"https://asia-northeast3-happybaby-6de42.cloudfunctions.net/deleteUserAccount","satisfiesPzs":true,"satisfiesPzi":true},"stages":[{"name":"BUILD","state":"NOT_STARTED"},{"name":"SERVICE","state":"NOT_STARTED"}],"operationType":"UPDATE_FUNCTION"},"done":false}
[debug] [2026-08-21T02:58:37.662Z] <<< [apiv2][status] GET https://cloudfunctions.googleapis.com/v2/projects/happybaby-6de42/locations/asia-northeast3/operations/operation-1787281118144-65985d02926dc-600e9b7f-04b9a5eb 200
[debug] [2026-08-21T02:58:37.662Z] <<< [apiv2][body] GET https://cloudfunctions.googleapis.com/v2/projects/happybaby-6de42/locations/asia-northeast3/operations/operation-1787281118144-65985d02926dc-600e9b7f-04b9a5eb {"name":"projects/happybaby-6de42/locations/asia-northeast3/operations/operation-1787281118144-65985d02926dc-600e9b7f-04b9a5eb","metadata":{"@type":"type.googleapis.com/google.cloud.functions.v2.OperationMetadata","createTime":"2026-08-21T02:58:39.740175822Z","target":"projects/happybaby-6de42/locations/asia-northeast3/functions/bedtimeReminder","verb":"update","cancelRequested":false,"apiVersion":"v2","requestResource":{"@type":"type.googleapis.com/google.cloud.functions.v2.Function","name":"projects/happybaby-6de42/locations/asia-northeast3/functions/bedtimeReminder","buildConfig":{"runtime":"nodejs22","entryPoint":"bedtimeReminder","source":{"storageSource":{"bucket":"gcf-v2-sources-1075311024495-asia-northeast3","object":"bedtimeReminder/function-source.zip","generation":"1787281119704782"}},"environmentVariables":{"GOOGLE_NODE_RUN_SCRIPTS":""},"dockerRepository":"projects/happybaby-6de42/locations/asia-northeast3/repositories/gcf-artifacts","sourceProvenance":{"resolvedStorageSource":{"bucket":"gcf-v2-sources-1075311024495-asia-northeast3","object":"bedtimeReminder/function-source.zip","generation":"1787280511157272"}},"dockerRegistry":"ARTIFACT_REGISTRY","serviceAccount":"projects/happybaby-6de42/serviceAccounts/1075311024495-compute@developer.gserviceaccount.com","automaticUpdatePolicy":{}},"serviceConfig":{"service":"projects/happybaby-6de42/locations/asia-northeast3/services/bedtimereminder","timeoutSeconds":60,"environmentVariables":{"FIREBASE_CONFIG":"{\"projectId\":\"happybaby-6de42\",\"storageBucket\":\"happybaby-6de42.firebasestorage.app\"}","GCLOUD_PROJECT":"happybaby-6de42","EVENTARC_CLOUD_EVENT_SOURCE":"projects/happybaby-6de42/locations/asia-northeast3/services/bedtimeReminder","FUNCTION_REGION":"asia-northeast3","FUNCTION_TARGET":"bedtimeReminder","LOG_EXECUTION_ID":"true"},"maxInstanceCount":2,"ingressSettings":"ALLOW_ALL","uri":"https://bedtimereminder-w4of67zzlq-du.a.run.app","serviceAccountEmail":"1075311024495-compute@developer.gserviceaccount.com","availableMemory":"256Mi","allTrafficOnLatestRevision":true,"revision":"bedtimereminder-00001-gim","maxInstanceRequestConcurrency":80,"availableCpu":"1"},"state":"ACTIVE","labels":{"deployment-tool":"cli-firebase","deployment-scheduled":"true","firebase-functions-hash":"4225db788bbfaa38bcc916ac672a58e67fb28878"},"environment":"GEN_2","url":"https://asia-northeast3-happybaby-6de42.cloudfunctions.net/bedtimeReminder","satisfiesPzs":true,"satisfiesPzi":true},"stages":[{"name":"BUILD","state":"NOT_STARTED"},{"name":"SERVICE","state":"NOT_STARTED"}],"operationType":"UPDATE_FUNCTION"},"done":false}
[debug] [2026-08-21T02:58:37.782Z] <<< [apiv2][status] GET https://cloudfunctions.googleapis.com/v2/projects/happybaby-6de42/locations/asia-northeast3/operations/operation-1787281118143-65985d0292256-f84610a5-1fb31848 200
[debug] [2026-08-21T02:58:37.782Z] <<< [apiv2][body] GET https://cloudfunctions.googleapis.com/v2/projects/happybaby-6de42/locations/asia-northeast3/operations/operation-1787281118143-65985d0292256-f84610a5-1fb31848 {"name":"projects/happybaby-6de42/locations/asia-northeast3/operations/operation-1787281118143-65985d0292256-f84610a5-1fb31848","metadata":{"@type":"type.googleapis.com/google.cloud.functions.v2.OperationMetadata","createTime":"2026-08-21T02:58:39.632114335Z","target":"projects/happybaby-6de42/locations/asia-northeast3/functions/sendFamilyPush","verb":"update","cancelRequested":false,"apiVersion":"v2","requestResource":{"@type":"type.googleapis.com/google.cloud.functions.v2.Function","name":"projects/happybaby-6de42/locations/asia-northeast3/functions/sendFamilyPush","buildConfig":{"runtime":"nodejs22","entryPoint":"sendFamilyPush","source":{"storageSource":{"bucket":"gcf-v2-sources-1075311024495-asia-northeast3","object":"sendFamilyPush/function-source.zip","generation":"1787281119597945"}},"environmentVariables":{"GOOGLE_NODE_RUN_SCRIPTS":""},"dockerRepository":"projects/happybaby-6de42/locations/asia-northeast3/repositories/gcf-artifacts","sourceProvenance":{"resolvedStorageSource":{"bucket":"gcf-v2-sources-1075311024495-asia-northeast3","object":"sendFamilyPush/function-source.zip","generation":"1787280561236704"}},"dockerRegistry":"ARTIFACT_REGISTRY","serviceAccount":"projects/happybaby-6de42/serviceAccounts/1075311024495-compute@developer.gserviceaccount.com","automaticUpdatePolicy":{}},"serviceConfig":{"service":"projects/happybaby-6de42/locations/asia-northeast3/services/sendfamilypush","timeoutSeconds":60,"environmentVariables":{"FIREBASE_CONFIG":"{\"projectId\":\"happybaby-6de42\",\"storageBucket\":\"happybaby-6de42.firebasestorage.app\"}","GCLOUD_PROJECT":"happybaby-6de42","EVENTARC_CLOUD_EVENT_SOURCE":"projects/happybaby-6de42/locations/asia-northeast3/services/sendFamilyPush","FUNCTION_REGION":"asia-northeast3","FUNCTION_TARGET":"sendFamilyPush","LOG_EXECUTION_ID":"true","FUNCTION_SIGNATURE_TYPE":"http"},"maxInstanceCount":10,"ingressSettings":"ALLOW_ALL","uri":"https://sendfamilypush-w4of67zzlq-du.a.run.app","serviceAccountEmail":"1075311024495-compute@developer.gserviceaccount.com","availableMemory":"256Mi","allTrafficOnLatestRevision":true,"revision":"sendfamilypush-00002-buv","maxInstanceRequestConcurrency":80,"availableCpu":"1"},"state":"ACTIVE","labels":{"deployment-tool":"cli-firebase","deployment-callable":"true","firebase-functions-hash":"4225db788bbfaa38bcc916ac672a58e67fb28878"},"environment":"GEN_2","url":"https://asia-northeast3-happybaby-6de42.cloudfunctions.net/sendFamilyPush","satisfiesPzs":true,"satisfiesPzi":true},"stages":[{"name":"BUILD","state":"NOT_STARTED"},{"name":"SERVICE","state":"NOT_STARTED"}],"operationType":"UPDATE_FUNCTION"},"done":false}
[debug] [2026-08-21T02:58:38.111Z] [update-default-asia-northeast3-deleteUserAccount] Retrying task index 0
[debug] [2026-08-21T02:58:38.111Z] Checked if tokens are valid: true, expires at: 1787284079594
[debug] [2026-08-21T02:58:38.111Z] Checked if tokens are valid: true, expires at: 1787284079594
[debug] [2026-08-21T02:58:38.111Z] >>> [apiv2][query] GET https://cloudfunctions.googleapis.com/v2/projects/happybaby-6de42/locations/asia-northeast3/operations/operation-1787281117979-65985d026a4a3-a2817241-9e98c370 [none]
[debug] [2026-08-21T02:58:38.173Z] [update-default-asia-northeast3-bedtimeReminder] Retrying task index 0
[debug] [2026-08-21T02:58:38.173Z] Checked if tokens are valid: true, expires at: 1787284079594
[debug] [2026-08-21T02:58:38.173Z] Checked if tokens are valid: true, expires at: 1787284079594
[debug] [2026-08-21T02:58:38.173Z] >>> [apiv2][query] GET https://cloudfunctions.googleapis.com/v2/projects/happybaby-6de42/locations/asia-northeast3/operations/operation-1787281118144-65985d02926dc-600e9b7f-04b9a5eb [none]
[debug] [2026-08-21T02:58:38.299Z] [update-default-asia-northeast3-sendFamilyPush] Retrying task index 0
[debug] [2026-08-21T02:58:38.299Z] Checked if tokens are valid: true, expires at: 1787284079594
[debug] [2026-08-21T02:58:38.299Z] Checked if tokens are valid: true, expires at: 1787284079594
[debug] [2026-08-21T02:58:38.299Z] >>> [apiv2][query] GET https://cloudfunctions.googleapis.com/v2/projects/happybaby-6de42/locations/asia-northeast3/operations/operation-1787281118143-65985d0292256-f84610a5-1fb31848 [none]
[debug] [2026-08-21T02:58:38.432Z] <<< [apiv2][status] GET https://cloudfunctions.googleapis.com/v2/projects/happybaby-6de42/locations/asia-northeast3/operations/operation-1787281117979-65985d026a4a3-a2817241-9e98c370 200
[debug] [2026-08-21T02:58:38.432Z] <<< [apiv2][body] GET https://cloudfunctions.googleapis.com/v2/projects/happybaby-6de42/locations/asia-northeast3/operations/operation-1787281117979-65985d026a4a3-a2817241-9e98c370 {"name":"projects/happybaby-6de42/locations/asia-northeast3/operations/operation-1787281117979-65985d026a4a3-a2817241-9e98c370","metadata":{"@type":"type.googleapis.com/google.cloud.functions.v2.OperationMetadata","createTime":"2026-08-21T02:58:39.505536270Z","target":"projects/happybaby-6de42/locations/asia-northeast3/functions/deleteUserAccount","verb":"update","cancelRequested":false,"apiVersion":"v2","requestResource":{"@type":"type.googleapis.com/google.cloud.functions.v2.Function","name":"projects/happybaby-6de42/locations/asia-northeast3/functions/deleteUserAccount","buildConfig":{"runtime":"nodejs22","entryPoint":"deleteUserAccount","source":{"storageSource":{"bucket":"gcf-v2-sources-1075311024495-asia-northeast3","object":"deleteUserAccount/function-source.zip","generation":"1787281119468900"}},"environmentVariables":{"GOOGLE_NODE_RUN_SCRIPTS":""},"dockerRepository":"projects/happybaby-6de42/locations/asia-northeast3/repositories/gcf-artifacts","sourceProvenance":{"resolvedStorageSource":{"bucket":"gcf-v2-sources-1075311024495-asia-northeast3","object":"deleteUserAccount/function-source.zip","generation":"1787280561638415"}},"dockerRegistry":"ARTIFACT_REGISTRY","serviceAccount":"projects/happybaby-6de42/serviceAccounts/1075311024495-compute@developer.gserviceaccount.com","automaticUpdatePolicy":{}},"serviceConfig":{"service":"projects/happybaby-6de42/locations/asia-northeast3/services/deleteuseraccount","timeoutSeconds":60,"environmentVariables":{"FIREBASE_CONFIG":"{\"projectId\":\"happybaby-6de42\",\"storageBucket\":\"happybaby-6de42.firebasestorage.app\"}","GCLOUD_PROJECT":"happybaby-6de42","EVENTARC_CLOUD_EVENT_SOURCE":"projects/happybaby-6de42/locations/asia-northeast3/services/deleteUserAccount","FUNCTION_REGION":"asia-northeast3","FUNCTION_TARGET":"deleteUserAccount","LOG_EXECUTION_ID":"true","FUNCTION_SIGNATURE_TYPE":"http"},"maxInstanceCount":10,"ingressSettings":"ALLOW_ALL","uri":"https://deleteuseraccount-w4of67zzlq-du.a.run.app","serviceAccountEmail":"1075311024495-compute@developer.gserviceaccount.com","availableMemory":"256Mi","allTrafficOnLatestRevision":true,"revision":"deleteuseraccount-00002-cax","maxInstanceRequestConcurrency":80,"availableCpu":"1"},"state":"ACTIVE","labels":{"deployment-tool":"cli-firebase","deployment-callable":"true","firebase-functions-hash":"4225db788bbfaa38bcc916ac672a58e67fb28878"},"environment":"GEN_2","url":"https://asia-northeast3-happybaby-6de42.cloudfunctions.net/deleteUserAccount","satisfiesPzs":true,"satisfiesPzi":true},"stages":[{"name":"BUILD","state":"NOT_STARTED"},{"name":"SERVICE","state":"NOT_STARTED"}],"operationType":"UPDATE_FUNCTION"},"done":false}
[debug] [2026-08-21T02:58:38.497Z] <<< [apiv2][status] GET https://cloudfunctions.googleapis.com/v2/projects/happybaby-6de42/locations/asia-northeast3/operations/operation-1787281118144-65985d02926dc-600e9b7f-04b9a5eb 200
[debug] [2026-08-21T02:58:38.497Z] <<< [apiv2][body] GET https://cloudfunctions.googleapis.com/v2/projects/happybaby-6de42/locations/asia-northeast3/operations/operation-1787281118144-65985d02926dc-600e9b7f-04b9a5eb {"name":"projects/happybaby-6de42/locations/asia-northeast3/operations/operation-1787281118144-65985d02926dc-600e9b7f-04b9a5eb","metadata":{"@type":"type.googleapis.com/google.cloud.functions.v2.OperationMetadata","createTime":"2026-08-21T02:58:39.740175822Z","target":"projects/happybaby-6de42/locations/asia-northeast3/functions/bedtimeReminder","verb":"update","cancelRequested":false,"apiVersion":"v2","requestResource":{"@type":"type.googleapis.com/google.cloud.functions.v2.Function","name":"projects/happybaby-6de42/locations/asia-northeast3/functions/bedtimeReminder","buildConfig":{"runtime":"nodejs22","entryPoint":"bedtimeReminder","source":{"storageSource":{"bucket":"gcf-v2-sources-1075311024495-asia-northeast3","object":"bedtimeReminder/function-source.zip","generation":"1787281119704782"}},"environmentVariables":{"GOOGLE_NODE_RUN_SCRIPTS":""},"dockerRepository":"projects/happybaby-6de42/locations/asia-northeast3/repositories/gcf-artifacts","sourceProvenance":{"resolvedStorageSource":{"bucket":"gcf-v2-sources-1075311024495-asia-northeast3","object":"bedtimeReminder/function-source.zip","generation":"1787280511157272"}},"dockerRegistry":"ARTIFACT_REGISTRY","serviceAccount":"projects/happybaby-6de42/serviceAccounts/1075311024495-compute@developer.gserviceaccount.com","automaticUpdatePolicy":{}},"serviceConfig":{"service":"projects/happybaby-6de42/locations/asia-northeast3/services/bedtimereminder","timeoutSeconds":60,"environmentVariables":{"FIREBASE_CONFIG":"{\"projectId\":\"happybaby-6de42\",\"storageBucket\":\"happybaby-6de42.firebasestorage.app\"}","GCLOUD_PROJECT":"happybaby-6de42","EVENTARC_CLOUD_EVENT_SOURCE":"projects/happybaby-6de42/locations/asia-northeast3/services/bedtimeReminder","FUNCTION_REGION":"asia-northeast3","FUNCTION_TARGET":"bedtimeReminder","LOG_EXECUTION_ID":"true"},"maxInstanceCount":2,"ingressSettings":"ALLOW_ALL","uri":"https://bedtimereminder-w4of67zzlq-du.a.run.app","serviceAccountEmail":"1075311024495-compute@developer.gserviceaccount.com","availableMemory":"256Mi","allTrafficOnLatestRevision":true,"revision":"bedtimereminder-00001-gim","maxInstanceRequestConcurrency":80,"availableCpu":"1"},"state":"ACTIVE","labels":{"deployment-tool":"cli-firebase","deployment-scheduled":"true","firebase-functions-hash":"4225db788bbfaa38bcc916ac672a58e67fb28878"},"environment":"GEN_2","url":"https://asia-northeast3-happybaby-6de42.cloudfunctions.net/bedtimeReminder","satisfiesPzs":true,"satisfiesPzi":true},"stages":[{"name":"BUILD","state":"NOT_STARTED"},{"name":"SERVICE","state":"NOT_STARTED"}],"operationType":"UPDATE_FUNCTION"},"done":false}
[debug] [2026-08-21T02:58:38.596Z] <<< [apiv2][status] GET https://cloudfunctions.googleapis.com/v2/projects/happybaby-6de42/locations/asia-northeast3/operations/operation-1787281118143-65985d0292256-f84610a5-1fb31848 200
[debug] [2026-08-21T02:58:38.596Z] <<< [apiv2][body] GET https://cloudfunctions.googleapis.com/v2/projects/happybaby-6de42/locations/asia-northeast3/operations/operation-1787281118143-65985d0292256-f84610a5-1fb31848 {"name":"projects/happybaby-6de42/locations/asia-northeast3/operations/operation-1787281118143-65985d0292256-f84610a5-1fb31848","metadata":{"@type":"type.googleapis.com/google.cloud.functions.v2.OperationMetadata","createTime":"2026-08-21T02:58:39.632114335Z","target":"projects/happybaby-6de42/locations/asia-northeast3/functions/sendFamilyPush","verb":"update","cancelRequested":false,"apiVersion":"v2","requestResource":{"@type":"type.googleapis.com/google.cloud.functions.v2.Function","name":"projects/happybaby-6de42/locations/asia-northeast3/functions/sendFamilyPush","buildConfig":{"runtime":"nodejs22","entryPoint":"sendFamilyPush","source":{"storageSource":{"bucket":"gcf-v2-sources-1075311024495-asia-northeast3","object":"sendFamilyPush/function-source.zip","generation":"1787281119597945"}},"environmentVariables":{"GOOGLE_NODE_RUN_SCRIPTS":""},"dockerRepository":"projects/happybaby-6de42/locations/asia-northeast3/repositories/gcf-artifacts","sourceProvenance":{"resolvedStorageSource":{"bucket":"gcf-v2-sources-1075311024495-asia-northeast3","object":"sendFamilyPush/function-source.zip","generation":"1787280561236704"}},"dockerRegistry":"ARTIFACT_REGISTRY","serviceAccount":"projects/happybaby-6de42/serviceAccounts/1075311024495-compute@developer.gserviceaccount.com","automaticUpdatePolicy":{}},"serviceConfig":{"service":"projects/happybaby-6de42/locations/asia-northeast3/services/sendfamilypush","timeoutSeconds":60,"environmentVariables":{"FIREBASE_CONFIG":"{\"projectId\":\"happybaby-6de42\",\"storageBucket\":\"happybaby-6de42.firebasestorage.app\"}","GCLOUD_PROJECT":"happybaby-6de42","EVENTARC_CLOUD_EVENT_SOURCE":"projects/happybaby-6de42/locations/asia-northeast3/services/sendFamilyPush","FUNCTION_REGION":"asia-northeast3","FUNCTION_TARGET":"sendFamilyPush","LOG_EXECUTION_ID":"true","FUNCTION_SIGNATURE_TYPE":"http"},"maxInstanceCount":10,"ingressSettings":"ALLOW_ALL","uri":"https://sendfamilypush-w4of67zzlq-du.a.run.app","serviceAccountEmail":"1075311024495-compute@developer.gserviceaccount.com","availableMemory":"256Mi","allTrafficOnLatestRevision":true,"revision":"sendfamilypush-00002-buv","maxInstanceRequestConcurrency":80,"availableCpu":"1"},"state":"ACTIVE","labels":{"deployment-tool":"cli-firebase","deployment-callable":"true","firebase-functions-hash":"4225db788bbfaa38bcc916ac672a58e67fb28878"},"environment":"GEN_2","url":"https://asia-northeast3-happybaby-6de42.cloudfunctions.net/sendFamilyPush","satisfiesPzs":true,"satisfiesPzi":true},"stages":[{"name":"BUILD","state":"NOT_STARTED"},{"name":"SERVICE","state":"NOT_STARTED"}],"operationType":"UPDATE_FUNCTION"},"done":false}
[debug] [2026-08-21T02:58:39.439Z] [update-default-asia-northeast3-deleteUserAccount] Retrying task index 0
[debug] [2026-08-21T02:58:39.439Z] Checked if tokens are valid: true, expires at: 1787284079594
[debug] [2026-08-21T02:58:39.439Z] Checked if tokens are valid: true, expires at: 1787284079594
[debug] [2026-08-21T02:58:39.439Z] >>> [apiv2][query] GET https://cloudfunctions.googleapis.com/v2/projects/happybaby-6de42/locations/asia-northeast3/operations/operation-1787281117979-65985d026a4a3-a2817241-9e98c370 [none]
[debug] [2026-08-21T02:58:39.500Z] [update-default-asia-northeast3-bedtimeReminder] Retrying task index 0
[debug] [2026-08-21T02:58:39.500Z] Checked if tokens are valid: true, expires at: 1787284079594
[debug] [2026-08-21T02:58:39.500Z] Checked if tokens are valid: true, expires at: 1787284079594
[debug] [2026-08-21T02:58:39.500Z] >>> [apiv2][query] GET https://cloudfunctions.googleapis.com/v2/projects/happybaby-6de42/locations/asia-northeast3/operations/operation-1787281118144-65985d02926dc-600e9b7f-04b9a5eb [none]
[debug] [2026-08-21T02:58:39.608Z] [update-default-asia-northeast3-sendFamilyPush] Retrying task index 0
[debug] [2026-08-21T02:58:39.608Z] Checked if tokens are valid: true, expires at: 1787284079594
[debug] [2026-08-21T02:58:39.608Z] Checked if tokens are valid: true, expires at: 1787284079594
[debug] [2026-08-21T02:58:39.608Z] >>> [apiv2][query] GET https://cloudfunctions.googleapis.com/v2/projects/happybaby-6de42/locations/asia-northeast3/operations/operation-1787281118143-65985d0292256-f84610a5-1fb31848 [none]
[debug] [2026-08-21T02:58:39.750Z] <<< [apiv2][status] GET https://cloudfunctions.googleapis.com/v2/projects/happybaby-6de42/locations/asia-northeast3/operations/operation-1787281117979-65985d026a4a3-a2817241-9e98c370 200
[debug] [2026-08-21T02:58:39.750Z] <<< [apiv2][body] GET https://cloudfunctions.googleapis.com/v2/projects/happybaby-6de42/locations/asia-northeast3/operations/operation-1787281117979-65985d026a4a3-a2817241-9e98c370 {"name":"projects/happybaby-6de42/locations/asia-northeast3/operations/operation-1787281117979-65985d026a4a3-a2817241-9e98c370","metadata":{"@type":"type.googleapis.com/google.cloud.functions.v2.OperationMetadata","createTime":"2026-08-21T02:58:39.505536270Z","target":"projects/happybaby-6de42/locations/asia-northeast3/functions/deleteUserAccount","verb":"update","cancelRequested":false,"apiVersion":"v2","requestResource":{"@type":"type.googleapis.com/google.cloud.functions.v2.Function","name":"projects/happybaby-6de42/locations/asia-northeast3/functions/deleteUserAccount","buildConfig":{"runtime":"nodejs22","entryPoint":"deleteUserAccount","source":{"storageSource":{"bucket":"gcf-v2-sources-1075311024495-asia-northeast3","object":"deleteUserAccount/function-source.zip","generation":"1787281119468900"}},"environmentVariables":{"GOOGLE_NODE_RUN_SCRIPTS":""},"dockerRepository":"projects/happybaby-6de42/locations/asia-northeast3/repositories/gcf-artifacts","sourceProvenance":{"resolvedStorageSource":{"bucket":"gcf-v2-sources-1075311024495-asia-northeast3","object":"deleteUserAccount/function-source.zip","generation":"1787280561638415"}},"dockerRegistry":"ARTIFACT_REGISTRY","serviceAccount":"projects/happybaby-6de42/serviceAccounts/1075311024495-compute@developer.gserviceaccount.com","automaticUpdatePolicy":{}},"serviceConfig":{"service":"projects/happybaby-6de42/locations/asia-northeast3/services/deleteuseraccount","timeoutSeconds":60,"environmentVariables":{"FIREBASE_CONFIG":"{\"projectId\":\"happybaby-6de42\",\"storageBucket\":\"happybaby-6de42.firebasestorage.app\"}","GCLOUD_PROJECT":"happybaby-6de42","EVENTARC_CLOUD_EVENT_SOURCE":"projects/happybaby-6de42/locations/asia-northeast3/services/deleteUserAccount","FUNCTION_REGION":"asia-northeast3","FUNCTION_TARGET":"deleteUserAccount","LOG_EXECUTION_ID":"true","FUNCTION_SIGNATURE_TYPE":"http"},"maxInstanceCount":10,"ingressSettings":"ALLOW_ALL","uri":"https://deleteuseraccount-w4of67zzlq-du.a.run.app","serviceAccountEmail":"1075311024495-compute@developer.gserviceaccount.com","availableMemory":"256Mi","allTrafficOnLatestRevision":true,"revision":"deleteuseraccount-00002-cax","maxInstanceRequestConcurrency":80,"availableCpu":"1"},"state":"ACTIVE","labels":{"deployment-tool":"cli-firebase","deployment-callable":"true","firebase-functions-hash":"4225db788bbfaa38bcc916ac672a58e67fb28878"},"environment":"GEN_2","url":"https://asia-northeast3-happybaby-6de42.cloudfunctions.net/deleteUserAccount","satisfiesPzs":true,"satisfiesPzi":true},"stages":[{"name":"BUILD","message":"Build in progress","state":"IN_PROGRESS","resource":"projects/1075311024495/locations/asia-northeast3/builds/7a38a3b5-5532-499d-a34b-c232adee202b","resourceUri":"https://console.cloud.google.com/cloud-build/builds;region=asia-northeast3/7a38a3b5-5532-499d-a34b-c232adee202b?project=1075311024495"},{"name":"SERVICE","state":"NOT_STARTED"}],"operationType":"UPDATE_FUNCTION","buildName":"projects/1075311024495/locations/asia-northeast3/builds/7a38a3b5-5532-499d-a34b-c232adee202b"},"done":false}
[debug] [2026-08-21T02:58:39.803Z] <<< [apiv2][status] GET https://cloudfunctions.googleapis.com/v2/projects/happybaby-6de42/locations/asia-northeast3/operations/operation-1787281118144-65985d02926dc-600e9b7f-04b9a5eb 200
[debug] [2026-08-21T02:58:39.803Z] <<< [apiv2][body] GET https://cloudfunctions.googleapis.com/v2/projects/happybaby-6de42/locations/asia-northeast3/operations/operation-1787281118144-65985d02926dc-600e9b7f-04b9a5eb {"name":"projects/happybaby-6de42/locations/asia-northeast3/operations/operation-1787281118144-65985d02926dc-600e9b7f-04b9a5eb","metadata":{"@type":"type.googleapis.com/google.cloud.functions.v2.OperationMetadata","createTime":"2026-08-21T02:58:39.740175822Z","target":"projects/happybaby-6de42/locations/asia-northeast3/functions/bedtimeReminder","verb":"update","cancelRequested":false,"apiVersion":"v2","requestResource":{"@type":"type.googleapis.com/google.cloud.functions.v2.Function","name":"projects/happybaby-6de42/locations/asia-northeast3/functions/bedtimeReminder","buildConfig":{"runtime":"nodejs22","entryPoint":"bedtimeReminder","source":{"storageSource":{"bucket":"gcf-v2-sources-1075311024495-asia-northeast3","object":"bedtimeReminder/function-source.zip","generation":"1787281119704782"}},"environmentVariables":{"GOOGLE_NODE_RUN_SCRIPTS":""},"dockerRepository":"projects/happybaby-6de42/locations/asia-northeast3/repositories/gcf-artifacts","sourceProvenance":{"resolvedStorageSource":{"bucket":"gcf-v2-sources-1075311024495-asia-northeast3","object":"bedtimeReminder/function-source.zip","generation":"1787280511157272"}},"dockerRegistry":"ARTIFACT_REGISTRY","serviceAccount":"projects/happybaby-6de42/serviceAccounts/1075311024495-compute@developer.gserviceaccount.com","automaticUpdatePolicy":{}},"serviceConfig":{"service":"projects/happybaby-6de42/locations/asia-northeast3/services/bedtimereminder","timeoutSeconds":60,"environmentVariables":{"FIREBASE_CONFIG":"{\"projectId\":\"happybaby-6de42\",\"storageBucket\":\"happybaby-6de42.firebasestorage.app\"}","GCLOUD_PROJECT":"happybaby-6de42","EVENTARC_CLOUD_EVENT_SOURCE":"projects/happybaby-6de42/locations/asia-northeast3/services/bedtimeReminder","FUNCTION_REGION":"asia-northeast3","FUNCTION_TARGET":"bedtimeReminder","LOG_EXECUTION_ID":"true"},"maxInstanceCount":2,"ingressSettings":"ALLOW_ALL","uri":"https://bedtimereminder-w4of67zzlq-du.a.run.app","serviceAccountEmail":"1075311024495-compute@developer.gserviceaccount.com","availableMemory":"256Mi","allTrafficOnLatestRevision":true,"revision":"bedtimereminder-00001-gim","maxInstanceRequestConcurrency":80,"availableCpu":"1"},"state":"ACTIVE","labels":{"deployment-tool":"cli-firebase","deployment-scheduled":"true","firebase-functions-hash":"4225db788bbfaa38bcc916ac672a58e67fb28878"},"environment":"GEN_2","url":"https://asia-northeast3-happybaby-6de42.cloudfunctions.net/bedtimeReminder","satisfiesPzs":true,"satisfiesPzi":true},"stages":[{"name":"BUILD","message":"Build in progress","state":"IN_PROGRESS","resource":"projects/1075311024495/locations/asia-northeast3/builds/56e506ac-b9cb-4a80-983d-20ce150f54c8","resourceUri":"https://console.cloud.google.com/cloud-build/builds;region=asia-northeast3/56e506ac-b9cb-4a80-983d-20ce150f54c8?project=1075311024495"},{"name":"SERVICE","state":"NOT_STARTED"}],"operationType":"UPDATE_FUNCTION","buildName":"projects/1075311024495/locations/asia-northeast3/builds/56e506ac-b9cb-4a80-983d-20ce150f54c8"},"done":false}
[debug] [2026-08-21T02:58:39.896Z] <<< [apiv2][status] GET https://cloudfunctions.googleapis.com/v2/projects/happybaby-6de42/locations/asia-northeast3/operations/operation-1787281118143-65985d0292256-f84610a5-1fb31848 200
[debug] [2026-08-21T02:58:39.896Z] <<< [apiv2][body] GET https://cloudfunctions.googleapis.com/v2/projects/happybaby-6de42/locations/asia-northeast3/operations/operation-1787281118143-65985d0292256-f84610a5-1fb31848 {"name":"projects/happybaby-6de42/locations/asia-northeast3/operations/operation-1787281118143-65985d0292256-f84610a5-1fb31848","metadata":{"@type":"type.googleapis.com/google.cloud.functions.v2.OperationMetadata","createTime":"2026-08-21T02:58:39.632114335Z","target":"projects/happybaby-6de42/locations/asia-northeast3/functions/sendFamilyPush","verb":"update","cancelRequested":false,"apiVersion":"v2","requestResource":{"@type":"type.googleapis.com/google.cloud.functions.v2.Function","name":"projects/happybaby-6de42/locations/asia-northeast3/functions/sendFamilyPush","buildConfig":{"runtime":"nodejs22","entryPoint":"sendFamilyPush","source":{"storageSource":{"bucket":"gcf-v2-sources-1075311024495-asia-northeast3","object":"sendFamilyPush/function-source.zip","generation":"1787281119597945"}},"environmentVariables":{"GOOGLE_NODE_RUN_SCRIPTS":""},"dockerRepository":"projects/happybaby-6de42/locations/asia-northeast3/repositories/gcf-artifacts","sourceProvenance":{"resolvedStorageSource":{"bucket":"gcf-v2-sources-1075311024495-asia-northeast3","object":"sendFamilyPush/function-source.zip","generation":"1787280561236704"}},"dockerRegistry":"ARTIFACT_REGISTRY","serviceAccount":"projects/happybaby-6de42/serviceAccounts/1075311024495-compute@developer.gserviceaccount.com","automaticUpdatePolicy":{}},"serviceConfig":{"service":"projects/happybaby-6de42/locations/asia-northeast3/services/sendfamilypush","timeoutSeconds":60,"environmentVariables":{"FIREBASE_CONFIG":"{\"projectId\":\"happybaby-6de42\",\"storageBucket\":\"happybaby-6de42.firebasestorage.app\"}","GCLOUD_PROJECT":"happybaby-6de42","EVENTARC_CLOUD_EVENT_SOURCE":"projects/happybaby-6de42/locations/asia-northeast3/services/sendFamilyPush","FUNCTION_REGION":"asia-northeast3","FUNCTION_TARGET":"sendFamilyPush","LOG_EXECUTION_ID":"true","FUNCTION_SIGNATURE_TYPE":"http"},"maxInstanceCount":10,"ingressSettings":"ALLOW_ALL","uri":"https://sendfamilypush-w4of67zzlq-du.a.run.app","serviceAccountEmail":"1075311024495-compute@developer.gserviceaccount.com","availableMemory":"256Mi","allTrafficOnLatestRevision":true,"revision":"sendfamilypush-00002-buv","maxInstanceRequestConcurrency":80,"availableCpu":"1"},"state":"ACTIVE","labels":{"deployment-tool":"cli-firebase","deployment-callable":"true","firebase-functions-hash":"4225db788bbfaa38bcc916ac672a58e67fb28878"},"environment":"GEN_2","url":"https://asia-northeast3-happybaby-6de42.cloudfunctions.net/sendFamilyPush","satisfiesPzs":true,"satisfiesPzi":true},"stages":[{"name":"BUILD","message":"Build in progress","state":"IN_PROGRESS","resource":"projects/1075311024495/locations/asia-northeast3/builds/11159536-af8d-4f44-898d-a4671df9808b","resourceUri":"https://console.cloud.google.com/cloud-build/builds;region=asia-northeast3/11159536-af8d-4f44-898d-a4671df9808b?project=1075311024495"},{"name":"SERVICE","state":"NOT_STARTED"}],"operationType":"UPDATE_FUNCTION","buildName":"projects/1075311024495/locations/asia-northeast3/builds/11159536-af8d-4f44-898d-a4671df9808b"},"done":false}
[debug] [2026-08-21T02:58:41.752Z] [update-default-asia-northeast3-deleteUserAccount] Retrying task index 0
[debug] [2026-08-21T02:58:41.752Z] Checked if tokens are valid: true, expires at: 1787284079594
[debug] [2026-08-21T02:58:41.752Z] Checked if tokens are valid: true, expires at: 1787284079594
[debug] [2026-08-21T02:58:41.753Z] >>> [apiv2][query] GET https://cloudfunctions.googleapis.com/v2/projects/happybaby-6de42/locations/asia-northeast3/operations/operation-1787281117979-65985d026a4a3-a2817241-9e98c370 [none]
[debug] [2026-08-21T02:58:41.815Z] [update-default-asia-northeast3-bedtimeReminder] Retrying task index 0
[debug] [2026-08-21T02:58:41.815Z] Checked if tokens are valid: true, expires at: 1787284079594
[debug] [2026-08-21T02:58:41.815Z] Checked if tokens are valid: true, expires at: 1787284079594
[debug] [2026-08-21T02:58:41.815Z] >>> [apiv2][query] GET https://cloudfunctions.googleapis.com/v2/projects/happybaby-6de42/locations/asia-northeast3/operations/operation-1787281118144-65985d02926dc-600e9b7f-04b9a5eb [none]
[debug] [2026-08-21T02:58:41.909Z] [update-default-asia-northeast3-sendFamilyPush] Retrying task index 0
[debug] [2026-08-21T02:58:41.910Z] Checked if tokens are valid: true, expires at: 1787284079594
[debug] [2026-08-21T02:58:41.910Z] Checked if tokens are valid: true, expires at: 1787284079594
[debug] [2026-08-21T02:58:41.910Z] >>> [apiv2][query] GET https://cloudfunctions.googleapis.com/v2/projects/happybaby-6de42/locations/asia-northeast3/operations/operation-1787281118143-65985d0292256-f84610a5-1fb31848 [none]
[debug] [2026-08-21T02:58:42.074Z] <<< [apiv2][status] GET https://cloudfunctions.googleapis.com/v2/projects/happybaby-6de42/locations/asia-northeast3/operations/operation-1787281117979-65985d026a4a3-a2817241-9e98c370 200
[debug] [2026-08-21T02:58:42.074Z] <<< [apiv2][body] GET https://cloudfunctions.googleapis.com/v2/projects/happybaby-6de42/locations/asia-northeast3/operations/operation-1787281117979-65985d026a4a3-a2817241-9e98c370 {"name":"projects/happybaby-6de42/locations/asia-northeast3/operations/operation-1787281117979-65985d026a4a3-a2817241-9e98c370","metadata":{"@type":"type.googleapis.com/google.cloud.functions.v2.OperationMetadata","createTime":"2026-08-21T02:58:39.505536270Z","target":"projects/happybaby-6de42/locations/asia-northeast3/functions/deleteUserAccount","verb":"update","cancelRequested":false,"apiVersion":"v2","requestResource":{"@type":"type.googleapis.com/google.cloud.functions.v2.Function","name":"projects/happybaby-6de42/locations/asia-northeast3/functions/deleteUserAccount","buildConfig":{"runtime":"nodejs22","entryPoint":"deleteUserAccount","source":{"storageSource":{"bucket":"gcf-v2-sources-1075311024495-asia-northeast3","object":"deleteUserAccount/function-source.zip","generation":"1787281119468900"}},"environmentVariables":{"GOOGLE_NODE_RUN_SCRIPTS":""},"dockerRepository":"projects/happybaby-6de42/locations/asia-northeast3/repositories/gcf-artifacts","sourceProvenance":{"resolvedStorageSource":{"bucket":"gcf-v2-sources-1075311024495-asia-northeast3","object":"deleteUserAccount/function-source.zip","generation":"1787280561638415"}},"dockerRegistry":"ARTIFACT_REGISTRY","serviceAccount":"projects/happybaby-6de42/serviceAccounts/1075311024495-compute@developer.gserviceaccount.com","automaticUpdatePolicy":{}},"serviceConfig":{"service":"projects/happybaby-6de42/locations/asia-northeast3/services/deleteuseraccount","timeoutSeconds":60,"environmentVariables":{"FIREBASE_CONFIG":"{\"projectId\":\"happybaby-6de42\",\"storageBucket\":\"happybaby-6de42.firebasestorage.app\"}","GCLOUD_PROJECT":"happybaby-6de42","EVENTARC_CLOUD_EVENT_SOURCE":"projects/happybaby-6de42/locations/asia-northeast3/services/deleteUserAccount","FUNCTION_REGION":"asia-northeast3","FUNCTION_TARGET":"deleteUserAccount","LOG_EXECUTION_ID":"true","FUNCTION_SIGNATURE_TYPE":"http"},"maxInstanceCount":10,"ingressSettings":"ALLOW_ALL","uri":"https://deleteuseraccount-w4of67zzlq-du.a.run.app","serviceAccountEmail":"1075311024495-compute@developer.gserviceaccount.com","availableMemory":"256Mi","allTrafficOnLatestRevision":true,"revision":"deleteuseraccount-00002-cax","maxInstanceRequestConcurrency":80,"availableCpu":"1"},"state":"ACTIVE","labels":{"deployment-tool":"cli-firebase","deployment-callable":"true","firebase-functions-hash":"4225db788bbfaa38bcc916ac672a58e67fb28878"},"environment":"GEN_2","url":"https://asia-northeast3-happybaby-6de42.cloudfunctions.net/deleteUserAccount","satisfiesPzs":true,"satisfiesPzi":true},"stages":[{"name":"BUILD","message":"Build in progress","state":"IN_PROGRESS","resource":"projects/1075311024495/locations/asia-northeast3/builds/7a38a3b5-5532-499d-a34b-c232adee202b","resourceUri":"https://console.cloud.google.com/cloud-build/builds;region=asia-northeast3/7a38a3b5-5532-499d-a34b-c232adee202b?project=1075311024495"},{"name":"SERVICE","state":"NOT_STARTED"}],"operationType":"UPDATE_FUNCTION","buildName":"projects/1075311024495/locations/asia-northeast3/builds/7a38a3b5-5532-499d-a34b-c232adee202b"},"done":false}
[debug] [2026-08-21T02:58:42.102Z] <<< [apiv2][status] GET https://cloudfunctions.googleapis.com/v2/projects/happybaby-6de42/locations/asia-northeast3/operations/operation-1787281118144-65985d02926dc-600e9b7f-04b9a5eb 200
[debug] [2026-08-21T02:58:42.102Z] <<< [apiv2][body] GET https://cloudfunctions.googleapis.com/v2/projects/happybaby-6de42/locations/asia-northeast3/operations/operation-1787281118144-65985d02926dc-600e9b7f-04b9a5eb {"name":"projects/happybaby-6de42/locations/asia-northeast3/operations/operation-1787281118144-65985d02926dc-600e9b7f-04b9a5eb","metadata":{"@type":"type.googleapis.com/google.cloud.functions.v2.OperationMetadata","createTime":"2026-08-21T02:58:39.740175822Z","target":"projects/happybaby-6de42/locations/asia-northeast3/functions/bedtimeReminder","verb":"update","cancelRequested":false,"apiVersion":"v2","requestResource":{"@type":"type.googleapis.com/google.cloud.functions.v2.Function","name":"projects/happybaby-6de42/locations/asia-northeast3/functions/bedtimeReminder","buildConfig":{"runtime":"nodejs22","entryPoint":"bedtimeReminder","source":{"storageSource":{"bucket":"gcf-v2-sources-1075311024495-asia-northeast3","object":"bedtimeReminder/function-source.zip","generation":"1787281119704782"}},"environmentVariables":{"GOOGLE_NODE_RUN_SCRIPTS":""},"dockerRepository":"projects/happybaby-6de42/locations/asia-northeast3/repositories/gcf-artifacts","sourceProvenance":{"resolvedStorageSource":{"bucket":"gcf-v2-sources-1075311024495-asia-northeast3","object":"bedtimeReminder/function-source.zip","generation":"1787280511157272"}},"dockerRegistry":"ARTIFACT_REGISTRY","serviceAccount":"projects/happybaby-6de42/serviceAccounts/1075311024495-compute@developer.gserviceaccount.com","automaticUpdatePolicy":{}},"serviceConfig":{"service":"projects/happybaby-6de42/locations/asia-northeast3/services/bedtimereminder","timeoutSeconds":60,"environmentVariables":{"FIREBASE_CONFIG":"{\"projectId\":\"happybaby-6de42\",\"storageBucket\":\"happybaby-6de42.firebasestorage.app\"}","GCLOUD_PROJECT":"happybaby-6de42","EVENTARC_CLOUD_EVENT_SOURCE":"projects/happybaby-6de42/locations/asia-northeast3/services/bedtimeReminder","FUNCTION_REGION":"asia-northeast3","FUNCTION_TARGET":"bedtimeReminder","LOG_EXECUTION_ID":"true"},"maxInstanceCount":2,"ingressSettings":"ALLOW_ALL","uri":"https://bedtimereminder-w4of67zzlq-du.a.run.app","serviceAccountEmail":"1075311024495-compute@developer.gserviceaccount.com","availableMemory":"256Mi","allTrafficOnLatestRevision":true,"revision":"bedtimereminder-00001-gim","maxInstanceRequestConcurrency":80,"availableCpu":"1"},"state":"ACTIVE","labels":{"deployment-tool":"cli-firebase","deployment-scheduled":"true","firebase-functions-hash":"4225db788bbfaa38bcc916ac672a58e67fb28878"},"environment":"GEN_2","url":"https://asia-northeast3-happybaby-6de42.cloudfunctions.net/bedtimeReminder","satisfiesPzs":true,"satisfiesPzi":true},"stages":[{"name":"BUILD","message":"Build in progress","state":"IN_PROGRESS","resource":"projects/1075311024495/locations/asia-northeast3/builds/56e506ac-b9cb-4a80-983d-20ce150f54c8","resourceUri":"https://console.cloud.google.com/cloud-build/builds;region=asia-northeast3/56e506ac-b9cb-4a80-983d-20ce150f54c8?project=1075311024495"},{"name":"SERVICE","state":"NOT_STARTED"}],"operationType":"UPDATE_FUNCTION","buildName":"projects/1075311024495/locations/asia-northeast3/builds/56e506ac-b9cb-4a80-983d-20ce150f54c8"},"done":false}
[debug] [2026-08-21T02:58:42.194Z] <<< [apiv2][status] GET https://cloudfunctions.googleapis.com/v2/projects/happybaby-6de42/locations/asia-northeast3/operations/operation-1787281118143-65985d0292256-f84610a5-1fb31848 200
[debug] [2026-08-21T02:58:42.194Z] <<< [apiv2][body] GET https://cloudfunctions.googleapis.com/v2/projects/happybaby-6de42/locations/asia-northeast3/operations/operation-1787281118143-65985d0292256-f84610a5-1fb31848 {"name":"projects/happybaby-6de42/locations/asia-northeast3/operations/operation-1787281118143-65985d0292256-f84610a5-1fb31848","metadata":{"@type":"type.googleapis.com/google.cloud.functions.v2.OperationMetadata","createTime":"2026-08-21T02:58:39.632114335Z","target":"projects/happybaby-6de42/locations/asia-northeast3/functions/sendFamilyPush","verb":"update","cancelRequested":false,"apiVersion":"v2","requestResource":{"@type":"type.googleapis.com/google.cloud.functions.v2.Function","name":"projects/happybaby-6de42/locations/asia-northeast3/functions/sendFamilyPush","buildConfig":{"runtime":"nodejs22","entryPoint":"sendFamilyPush","source":{"storageSource":{"bucket":"gcf-v2-sources-1075311024495-asia-northeast3","object":"sendFamilyPush/function-source.zip","generation":"1787281119597945"}},"environmentVariables":{"GOOGLE_NODE_RUN_SCRIPTS":""},"dockerRepository":"projects/happybaby-6de42/locations/asia-northeast3/repositories/gcf-artifacts","sourceProvenance":{"resolvedStorageSource":{"bucket":"gcf-v2-sources-1075311024495-asia-northeast3","object":"sendFamilyPush/function-source.zip","generation":"1787280561236704"}},"dockerRegistry":"ARTIFACT_REGISTRY","serviceAccount":"projects/happybaby-6de42/serviceAccounts/1075311024495-compute@developer.gserviceaccount.com","automaticUpdatePolicy":{}},"serviceConfig":{"service":"projects/happybaby-6de42/locations/asia-northeast3/services/sendfamilypush","timeoutSeconds":60,"environmentVariables":{"FIREBASE_CONFIG":"{\"projectId\":\"happybaby-6de42\",\"storageBucket\":\"happybaby-6de42.firebasestorage.app\"}","GCLOUD_PROJECT":"happybaby-6de42","EVENTARC_CLOUD_EVENT_SOURCE":"projects/happybaby-6de42/locations/asia-northeast3/services/sendFamilyPush","FUNCTION_REGION":"asia-northeast3","FUNCTION_TARGET":"sendFamilyPush","LOG_EXECUTION_ID":"true","FUNCTION_SIGNATURE_TYPE":"http"},"maxInstanceCount":10,"ingressSettings":"ALLOW_ALL","uri":"https://sendfamilypush-w4of67zzlq-du.a.run.app","serviceAccountEmail":"1075311024495-compute@developer.gserviceaccount.com","availableMemory":"256Mi","allTrafficOnLatestRevision":true,"revision":"sendfamilypush-00002-buv","maxInstanceRequestConcurrency":80,"availableCpu":"1"},"state":"ACTIVE","labels":{"deployment-tool":"cli-firebase","deployment-callable":"true","firebase-functions-hash":"4225db788bbfaa38bcc916ac672a58e67fb28878"},"environment":"GEN_2","url":"https://asia-northeast3-happybaby-6de42.cloudfunctions.net/sendFamilyPush","satisfiesPzs":true,"satisfiesPzi":true},"stages":[{"name":"BUILD","message":"Build in progress","state":"IN_PROGRESS","resource":"projects/1075311024495/locations/asia-northeast3/builds/11159536-af8d-4f44-898d-a4671df9808b","resourceUri":"https://console.cloud.google.com/cloud-build/builds;region=asia-northeast3/11159536-af8d-4f44-898d-a4671df9808b?project=1075311024495"},{"name":"SERVICE","state":"NOT_STARTED"}],"operationType":"UPDATE_FUNCTION","buildName":"projects/1075311024495/locations/asia-northeast3/builds/11159536-af8d-4f44-898d-a4671df9808b"},"done":false}
[debug] [2026-08-21T02:58:43.391Z] [update-default-us-central1-kakaoCustomAuth] Retrying task index 0
[debug] [2026-08-21T02:58:43.391Z] Checked if tokens are valid: true, expires at: 1787284079594
[debug] [2026-08-21T02:58:43.391Z] Checked if tokens are valid: true, expires at: 1787284079594
[debug] [2026-08-21T02:58:43.391Z] >>> [apiv2][query] GET https://cloudfunctions.googleapis.com/v2/projects/happybaby-6de42/locations/us-central1/operations/operation-1787281102560-65985cf3b5c1d-37e6023f-fa012597 [none]
[debug] [2026-08-21T02:58:44.542Z] <<< [apiv2][status] GET https://cloudfunctions.googleapis.com/v2/projects/happybaby-6de42/locations/us-central1/operations/operation-1787281102560-65985cf3b5c1d-37e6023f-fa012597 200
[debug] [2026-08-21T02:58:44.542Z] <<< [apiv2][body] GET https://cloudfunctions.googleapis.com/v2/projects/happybaby-6de42/locations/us-central1/operations/operation-1787281102560-65985cf3b5c1d-37e6023f-fa012597 {"name":"projects/happybaby-6de42/locations/us-central1/operations/operation-1787281102560-65985cf3b5c1d-37e6023f-fa012597","metadata":{"@type":"type.googleapis.com/google.cloud.functions.v2.OperationMetadata","createTime":"2026-08-21T02:58:24.347844844Z","target":"projects/happybaby-6de42/locations/us-central1/functions/kakaoCustomAuth","verb":"update","cancelRequested":false,"apiVersion":"v2","requestResource":{"@type":"type.googleapis.com/google.cloud.functions.v2.Function","name":"projects/happybaby-6de42/locations/us-central1/functions/kakaoCustomAuth","buildConfig":{"runtime":"nodejs22","entryPoint":"kakaoCustomAuth","source":{"storageSource":{"bucket":"gcf-v2-sources-1075311024495-us-central1","object":"kakaoCustomAuth/function-source.zip","generation":"1787281104287540"}},"environmentVariables":{"GOOGLE_NODE_RUN_SCRIPTS":""},"dockerRepository":"projects/happybaby-6de42/locations/us-central1/repositories/gcf-artifacts","sourceProvenance":{"resolvedStorageSource":{"bucket":"gcf-v2-sources-1075311024495-us-central1","object":"kakaoCustomAuth/function-source.zip","generation":"1787280512156483"}},"dockerRegistry":"ARTIFACT_REGISTRY","serviceAccount":"projects/happybaby-6de42/serviceAccounts/1075311024495-compute@developer.gserviceaccount.com","automaticUpdatePolicy":{}},"serviceConfig":{"service":"projects/happybaby-6de42/locations/us-central1/services/kakaocustomauth","timeoutSeconds":60,"environmentVariables":{"FIREBASE_CONFIG":"{\"projectId\":\"happybaby-6de42\",\"storageBucket\":\"happybaby-6de42.firebasestorage.app\"}","GCLOUD_PROJECT":"happybaby-6de42","EVENTARC_CLOUD_EVENT_SOURCE":"projects/happybaby-6de42/locations/us-central1/services/kakaoCustomAuth","FUNCTION_REGION":"us-central1","FUNCTION_TARGET":"kakaoCustomAuth","LOG_EXECUTION_ID":"true"},"maxInstanceCount":10,"ingressSettings":"ALLOW_ALL","uri":"https://kakaocustomauth-w4of67zzlq-uc.a.run.app","serviceAccountEmail":"1075311024495-compute@developer.gserviceaccount.com","availableMemory":"256Mi","allTrafficOnLatestRevision":true,"revision":"kakaocustomauth-00002-kaz","maxInstanceRequestConcurrency":80,"availableCpu":"1"},"state":"ACTIVE","labels":{"deployment-tool":"cli-firebase","deployment-callable":"true","firebase-functions-hash":"4225db788bbfaa38bcc916ac672a58e67fb28878"},"environment":"GEN_2","url":"https://us-central1-happybaby-6de42.cloudfunctions.net/kakaoCustomAuth","satisfiesPzi":true},"stages":[{"name":"BUILD","message":"Build in progress","state":"IN_PROGRESS","resource":"projects/1075311024495/locations/us-central1/builds/3aea85d5-c457-4f74-b578-9c1af640fe9e","resourceUri":"https://console.cloud.google.com/cloud-build/builds;region=us-central1/3aea85d5-c457-4f74-b578-9c1af640fe9e?project=1075311024495"},{"name":"SERVICE","state":"NOT_STARTED"}],"operationType":"UPDATE_FUNCTION","buildName":"projects/1075311024495/locations/us-central1/builds/3aea85d5-c457-4f74-b578-9c1af640fe9e"},"done":false}
[debug] [2026-08-21T02:58:46.088Z] [update-default-asia-northeast3-deleteUserAccount] Retrying task index 0
[debug] [2026-08-21T02:58:46.094Z] Checked if tokens are valid: true, expires at: 1787284079594
[debug] [2026-08-21T02:58:46.094Z] Checked if tokens are valid: true, expires at: 1787284079594
[debug] [2026-08-21T02:58:46.094Z] >>> [apiv2][query] GET https://cloudfunctions.googleapis.com/v2/projects/happybaby-6de42/locations/asia-northeast3/operations/operation-1787281117979-65985d026a4a3-a2817241-9e98c370 [none]
[debug] [2026-08-21T02:58:46.105Z] [update-default-asia-northeast3-bedtimeReminder] Retrying task index 0
[debug] [2026-08-21T02:58:46.106Z] Checked if tokens are valid: true, expires at: 1787284079594
[debug] [2026-08-21T02:58:46.106Z] Checked if tokens are valid: true, expires at: 1787284079594
[debug] [2026-08-21T02:58:46.106Z] >>> [apiv2][query] GET https://cloudfunctions.googleapis.com/v2/projects/happybaby-6de42/locations/asia-northeast3/operations/operation-1787281118144-65985d02926dc-600e9b7f-04b9a5eb [none]
[debug] [2026-08-21T02:58:46.195Z] [update-default-asia-northeast3-sendFamilyPush] Retrying task index 0
[debug] [2026-08-21T02:58:46.195Z] Checked if tokens are valid: true, expires at: 1787284079594
[debug] [2026-08-21T02:58:46.195Z] Checked if tokens are valid: true, expires at: 1787284079594
[debug] [2026-08-21T02:58:46.195Z] >>> [apiv2][query] GET https://cloudfunctions.googleapis.com/v2/projects/happybaby-6de42/locations/asia-northeast3/operations/operation-1787281118143-65985d0292256-f84610a5-1fb31848 [none]
[debug] [2026-08-21T02:58:46.382Z] <<< [apiv2][status] GET https://cloudfunctions.googleapis.com/v2/projects/happybaby-6de42/locations/asia-northeast3/operations/operation-1787281117979-65985d026a4a3-a2817241-9e98c370 200
[debug] [2026-08-21T02:58:46.382Z] <<< [apiv2][body] GET https://cloudfunctions.googleapis.com/v2/projects/happybaby-6de42/locations/asia-northeast3/operations/operation-1787281117979-65985d026a4a3-a2817241-9e98c370 {"name":"projects/happybaby-6de42/locations/asia-northeast3/operations/operation-1787281117979-65985d026a4a3-a2817241-9e98c370","metadata":{"@type":"type.googleapis.com/google.cloud.functions.v2.OperationMetadata","createTime":"2026-08-21T02:58:39.505536270Z","target":"projects/happybaby-6de42/locations/asia-northeast3/functions/deleteUserAccount","verb":"update","cancelRequested":false,"apiVersion":"v2","requestResource":{"@type":"type.googleapis.com/google.cloud.functions.v2.Function","name":"projects/happybaby-6de42/locations/asia-northeast3/functions/deleteUserAccount","buildConfig":{"runtime":"nodejs22","entryPoint":"deleteUserAccount","source":{"storageSource":{"bucket":"gcf-v2-sources-1075311024495-asia-northeast3","object":"deleteUserAccount/function-source.zip","generation":"1787281119468900"}},"environmentVariables":{"GOOGLE_NODE_RUN_SCRIPTS":""},"dockerRepository":"projects/happybaby-6de42/locations/asia-northeast3/repositories/gcf-artifacts","sourceProvenance":{"resolvedStorageSource":{"bucket":"gcf-v2-sources-1075311024495-asia-northeast3","object":"deleteUserAccount/function-source.zip","generation":"1787280561638415"}},"dockerRegistry":"ARTIFACT_REGISTRY","serviceAccount":"projects/happybaby-6de42/serviceAccounts/1075311024495-compute@developer.gserviceaccount.com","automaticUpdatePolicy":{}},"serviceConfig":{"service":"projects/happybaby-6de42/locations/asia-northeast3/services/deleteuseraccount","timeoutSeconds":60,"environmentVariables":{"FIREBASE_CONFIG":"{\"projectId\":\"happybaby-6de42\",\"storageBucket\":\"happybaby-6de42.firebasestorage.app\"}","GCLOUD_PROJECT":"happybaby-6de42","EVENTARC_CLOUD_EVENT_SOURCE":"projects/happybaby-6de42/locations/asia-northeast3/services/deleteUserAccount","FUNCTION_REGION":"asia-northeast3","FUNCTION_TARGET":"deleteUserAccount","LOG_EXECUTION_ID":"true","FUNCTION_SIGNATURE_TYPE":"http"},"maxInstanceCount":10,"ingressSettings":"ALLOW_ALL","uri":"https://deleteuseraccount-w4of67zzlq-du.a.run.app","serviceAccountEmail":"1075311024495-compute@developer.gserviceaccount.com","availableMemory":"256Mi","allTrafficOnLatestRevision":true,"revision":"deleteuseraccount-00002-cax","maxInstanceRequestConcurrency":80,"availableCpu":"1"},"state":"ACTIVE","labels":{"deployment-tool":"cli-firebase","deployment-callable":"true","firebase-functions-hash":"4225db788bbfaa38bcc916ac672a58e67fb28878"},"environment":"GEN_2","url":"https://asia-northeast3-happybaby-6de42.cloudfunctions.net/deleteUserAccount","satisfiesPzs":true,"satisfiesPzi":true},"stages":[{"name":"BUILD","message":"Build in progress","state":"IN_PROGRESS","resource":"projects/1075311024495/locations/asia-northeast3/builds/7a38a3b5-5532-499d-a34b-c232adee202b","resourceUri":"https://console.cloud.google.com/cloud-build/builds;region=asia-northeast3/7a38a3b5-5532-499d-a34b-c232adee202b?project=1075311024495"},{"name":"SERVICE","state":"NOT_STARTED"}],"operationType":"UPDATE_FUNCTION","buildName":"projects/1075311024495/locations/asia-northeast3/builds/7a38a3b5-5532-499d-a34b-c232adee202b"},"done":false}
[debug] [2026-08-21T02:58:46.430Z] <<< [apiv2][status] GET https://cloudfunctions.googleapis.com/v2/projects/happybaby-6de42/locations/asia-northeast3/operations/operation-1787281118144-65985d02926dc-600e9b7f-04b9a5eb 200
[debug] [2026-08-21T02:58:46.430Z] <<< [apiv2][body] GET https://cloudfunctions.googleapis.com/v2/projects/happybaby-6de42/locations/asia-northeast3/operations/operation-1787281118144-65985d02926dc-600e9b7f-04b9a5eb {"name":"projects/happybaby-6de42/locations/asia-northeast3/operations/operation-1787281118144-65985d02926dc-600e9b7f-04b9a5eb","metadata":{"@type":"type.googleapis.com/google.cloud.functions.v2.OperationMetadata","createTime":"2026-08-21T02:58:39.740175822Z","target":"projects/happybaby-6de42/locations/asia-northeast3/functions/bedtimeReminder","verb":"update","cancelRequested":false,"apiVersion":"v2","requestResource":{"@type":"type.googleapis.com/google.cloud.functions.v2.Function","name":"projects/happybaby-6de42/locations/asia-northeast3/functions/bedtimeReminder","buildConfig":{"runtime":"nodejs22","entryPoint":"bedtimeReminder","source":{"storageSource":{"bucket":"gcf-v2-sources-1075311024495-asia-northeast3","object":"bedtimeReminder/function-source.zip","generation":"1787281119704782"}},"environmentVariables":{"GOOGLE_NODE_RUN_SCRIPTS":""},"dockerRepository":"projects/happybaby-6de42/locations/asia-northeast3/repositories/gcf-artifacts","sourceProvenance":{"resolvedStorageSource":{"bucket":"gcf-v2-sources-1075311024495-asia-northeast3","object":"bedtimeReminder/function-source.zip","generation":"1787280511157272"}},"dockerRegistry":"ARTIFACT_REGISTRY","serviceAccount":"projects/happybaby-6de42/serviceAccounts/1075311024495-compute@developer.gserviceaccount.com","automaticUpdatePolicy":{}},"serviceConfig":{"service":"projects/happybaby-6de42/locations/asia-northeast3/services/bedtimereminder","timeoutSeconds":60,"environmentVariables":{"FIREBASE_CONFIG":"{\"projectId\":\"happybaby-6de42\",\"storageBucket\":\"happybaby-6de42.firebasestorage.app\"}","GCLOUD_PROJECT":"happybaby-6de42","EVENTARC_CLOUD_EVENT_SOURCE":"projects/happybaby-6de42/locations/asia-northeast3/services/bedtimeReminder","FUNCTION_REGION":"asia-northeast3","FUNCTION_TARGET":"bedtimeReminder","LOG_EXECUTION_ID":"true"},"maxInstanceCount":2,"ingressSettings":"ALLOW_ALL","uri":"https://bedtimereminder-w4of67zzlq-du.a.run.app","serviceAccountEmail":"1075311024495-compute@developer.gserviceaccount.com","availableMemory":"256Mi","allTrafficOnLatestRevision":true,"revision":"bedtimereminder-00001-gim","maxInstanceRequestConcurrency":80,"availableCpu":"1"},"state":"ACTIVE","labels":{"deployment-tool":"cli-firebase","deployment-scheduled":"true","firebase-functions-hash":"4225db788bbfaa38bcc916ac672a58e67fb28878"},"environment":"GEN_2","url":"https://asia-northeast3-happybaby-6de42.cloudfunctions.net/bedtimeReminder","satisfiesPzs":true,"satisfiesPzi":true},"stages":[{"name":"BUILD","message":"Build in progress","state":"IN_PROGRESS","resource":"projects/1075311024495/locations/asia-northeast3/builds/56e506ac-b9cb-4a80-983d-20ce150f54c8","resourceUri":"https://console.cloud.google.com/cloud-build/builds;region=asia-northeast3/56e506ac-b9cb-4a80-983d-20ce150f54c8?project=1075311024495"},{"name":"SERVICE","state":"NOT_STARTED"}],"operationType":"UPDATE_FUNCTION","buildName":"projects/1075311024495/locations/asia-northeast3/builds/56e506ac-b9cb-4a80-983d-20ce150f54c8"},"done":false}
[debug] [2026-08-21T02:58:46.521Z] <<< [apiv2][status] GET https://cloudfunctions.googleapis.com/v2/projects/happybaby-6de42/locations/asia-northeast3/operations/operation-1787281118143-65985d0292256-f84610a5-1fb31848 200
[debug] [2026-08-21T02:58:46.521Z] <<< [apiv2][body] GET https://cloudfunctions.googleapis.com/v2/projects/happybaby-6de42/locations/asia-northeast3/operations/operation-1787281118143-65985d0292256-f84610a5-1fb31848 {"name":"projects/happybaby-6de42/locations/asia-northeast3/operations/operation-1787281118143-65985d0292256-f84610a5-1fb31848","metadata":{"@type":"type.googleapis.com/google.cloud.functions.v2.OperationMetadata","createTime":"2026-08-21T02:58:39.632114335Z","target":"projects/happybaby-6de42/locations/asia-northeast3/functions/sendFamilyPush","verb":"update","cancelRequested":false,"apiVersion":"v2","requestResource":{"@type":"type.googleapis.com/google.cloud.functions.v2.Function","name":"projects/happybaby-6de42/locations/asia-northeast3/functions/sendFamilyPush","buildConfig":{"runtime":"nodejs22","entryPoint":"sendFamilyPush","source":{"storageSource":{"bucket":"gcf-v2-sources-1075311024495-asia-northeast3","object":"sendFamilyPush/function-source.zip","generation":"1787281119597945"}},"environmentVariables":{"GOOGLE_NODE_RUN_SCRIPTS":""},"dockerRepository":"projects/happybaby-6de42/locations/asia-northeast3/repositories/gcf-artifacts","sourceProvenance":{"resolvedStorageSource":{"bucket":"gcf-v2-sources-1075311024495-asia-northeast3","object":"sendFamilyPush/function-source.zip","generation":"1787280561236704"}},"dockerRegistry":"ARTIFACT_REGISTRY","serviceAccount":"projects/happybaby-6de42/serviceAccounts/1075311024495-compute@developer.gserviceaccount.com","automaticUpdatePolicy":{}},"serviceConfig":{"service":"projects/happybaby-6de42/locations/asia-northeast3/services/sendfamilypush","timeoutSeconds":60,"environmentVariables":{"FIREBASE_CONFIG":"{\"projectId\":\"happybaby-6de42\",\"storageBucket\":\"happybaby-6de42.firebasestorage.app\"}","GCLOUD_PROJECT":"happybaby-6de42","EVENTARC_CLOUD_EVENT_SOURCE":"projects/happybaby-6de42/locations/asia-northeast3/services/sendFamilyPush","FUNCTION_REGION":"asia-northeast3","FUNCTION_TARGET":"sendFamilyPush","LOG_EXECUTION_ID":"true","FUNCTION_SIGNATURE_TYPE":"http"},"maxInstanceCount":10,"ingressSettings":"ALLOW_ALL","uri":"https://sendfamilypush-w4of67zzlq-du.a.run.app","serviceAccountEmail":"1075311024495-compute@developer.gserviceaccount.com","availableMemory":"256Mi","allTrafficOnLatestRevision":true,"revision":"sendfamilypush-00002-buv","maxInstanceRequestConcurrency":80,"availableCpu":"1"},"state":"ACTIVE","labels":{"deployment-tool":"cli-firebase","deployment-callable":"true","firebase-functions-hash":"4225db788bbfaa38bcc916ac672a58e67fb28878"},"environment":"GEN_2","url":"https://asia-northeast3-happybaby-6de42.cloudfunctions.net/sendFamilyPush","satisfiesPzs":true,"satisfiesPzi":true},"stages":[{"name":"BUILD","message":"Build in progress","state":"IN_PROGRESS","resource":"projects/1075311024495/locations/asia-northeast3/builds/11159536-af8d-4f44-898d-a4671df9808b","resourceUri":"https://console.cloud.google.com/cloud-build/builds;region=asia-northeast3/11159536-af8d-4f44-898d-a4671df9808b?project=1075311024495"},{"name":"SERVICE","state":"NOT_STARTED"}],"operationType":"UPDATE_FUNCTION","buildName":"projects/1075311024495/locations/asia-northeast3/builds/11159536-af8d-4f44-898d-a4671df9808b"},"done":false}
[debug] [2026-08-21T02:58:54.385Z] [update-default-asia-northeast3-deleteUserAccount] Retrying task index 0
[debug] [2026-08-21T02:58:54.385Z] Checked if tokens are valid: true, expires at: 1787284079594
[debug] [2026-08-21T02:58:54.385Z] Checked if tokens are valid: true, expires at: 1787284079594
[debug] [2026-08-21T02:58:54.385Z] >>> [apiv2][query] GET https://cloudfunctions.googleapis.com/v2/projects/happybaby-6de42/locations/asia-northeast3/operations/operation-1787281117979-65985d026a4a3-a2817241-9e98c370 [none]
[debug] [2026-08-21T02:58:54.430Z] [update-default-asia-northeast3-bedtimeReminder] Retrying task index 0
[debug] [2026-08-21T02:58:54.431Z] Checked if tokens are valid: true, expires at: 1787284079594
[debug] [2026-08-21T02:58:54.431Z] Checked if tokens are valid: true, expires at: 1787284079594
[debug] [2026-08-21T02:58:54.431Z] >>> [apiv2][query] GET https://cloudfunctions.googleapis.com/v2/projects/happybaby-6de42/locations/asia-northeast3/operations/operation-1787281118144-65985d02926dc-600e9b7f-04b9a5eb [none]
[debug] [2026-08-21T02:58:54.521Z] [update-default-asia-northeast3-sendFamilyPush] Retrying task index 0
[debug] [2026-08-21T02:58:54.521Z] Checked if tokens are valid: true, expires at: 1787284079594
[debug] [2026-08-21T02:58:54.522Z] Checked if tokens are valid: true, expires at: 1787284079594
[debug] [2026-08-21T02:58:54.522Z] >>> [apiv2][query] GET https://cloudfunctions.googleapis.com/v2/projects/happybaby-6de42/locations/asia-northeast3/operations/operation-1787281118143-65985d0292256-f84610a5-1fb31848 [none]
[debug] [2026-08-21T02:58:54.551Z] [update-default-us-central1-kakaoCustomAuth] Retrying task index 0
[debug] [2026-08-21T02:58:54.552Z] Checked if tokens are valid: true, expires at: 1787284079594
[debug] [2026-08-21T02:58:54.552Z] Checked if tokens are valid: true, expires at: 1787284079594
[debug] [2026-08-21T02:58:54.552Z] >>> [apiv2][query] GET https://cloudfunctions.googleapis.com/v2/projects/happybaby-6de42/locations/us-central1/operations/operation-1787281102560-65985cf3b5c1d-37e6023f-fa012597 [none]
[debug] [2026-08-21T02:58:54.708Z] <<< [apiv2][status] GET https://cloudfunctions.googleapis.com/v2/projects/happybaby-6de42/locations/asia-northeast3/operations/operation-1787281118143-65985d0292256-f84610a5-1fb31848 200
[debug] [2026-08-21T02:58:54.708Z] <<< [apiv2][body] GET https://cloudfunctions.googleapis.com/v2/projects/happybaby-6de42/locations/asia-northeast3/operations/operation-1787281118143-65985d0292256-f84610a5-1fb31848 {"name":"projects/happybaby-6de42/locations/asia-northeast3/operations/operation-1787281118143-65985d0292256-f84610a5-1fb31848","metadata":{"@type":"type.googleapis.com/google.cloud.functions.v2.OperationMetadata","createTime":"2026-08-21T02:58:39.632114335Z","target":"projects/happybaby-6de42/locations/asia-northeast3/functions/sendFamilyPush","verb":"update","cancelRequested":false,"apiVersion":"v2","requestResource":{"@type":"type.googleapis.com/google.cloud.functions.v2.Function","name":"projects/happybaby-6de42/locations/asia-northeast3/functions/sendFamilyPush","buildConfig":{"runtime":"nodejs22","entryPoint":"sendFamilyPush","source":{"storageSource":{"bucket":"gcf-v2-sources-1075311024495-asia-northeast3","object":"sendFamilyPush/function-source.zip","generation":"1787281119597945"}},"environmentVariables":{"GOOGLE_NODE_RUN_SCRIPTS":""},"dockerRepository":"projects/happybaby-6de42/locations/asia-northeast3/repositories/gcf-artifacts","sourceProvenance":{"resolvedStorageSource":{"bucket":"gcf-v2-sources-1075311024495-asia-northeast3","object":"sendFamilyPush/function-source.zip","generation":"1787280561236704"}},"dockerRegistry":"ARTIFACT_REGISTRY","serviceAccount":"projects/happybaby-6de42/serviceAccounts/1075311024495-compute@developer.gserviceaccount.com","automaticUpdatePolicy":{}},"serviceConfig":{"service":"projects/happybaby-6de42/locations/asia-northeast3/services/sendfamilypush","timeoutSeconds":60,"environmentVariables":{"FIREBASE_CONFIG":"{\"projectId\":\"happybaby-6de42\",\"storageBucket\":\"happybaby-6de42.firebasestorage.app\"}","GCLOUD_PROJECT":"happybaby-6de42","EVENTARC_CLOUD_EVENT_SOURCE":"projects/happybaby-6de42/locations/asia-northeast3/services/sendFamilyPush","FUNCTION_REGION":"asia-northeast3","FUNCTION_TARGET":"sendFamilyPush","LOG_EXECUTION_ID":"true","FUNCTION_SIGNATURE_TYPE":"http"},"maxInstanceCount":10,"ingressSettings":"ALLOW_ALL","uri":"https://sendfamilypush-w4of67zzlq-du.a.run.app","serviceAccountEmail":"1075311024495-compute@developer.gserviceaccount.com","availableMemory":"256Mi","allTrafficOnLatestRevision":true,"revision":"sendfamilypush-00002-buv","maxInstanceRequestConcurrency":80,"availableCpu":"1"},"state":"ACTIVE","labels":{"deployment-tool":"cli-firebase","deployment-callable":"true","firebase-functions-hash":"4225db788bbfaa38bcc916ac672a58e67fb28878"},"environment":"GEN_2","url":"https://asia-northeast3-happybaby-6de42.cloudfunctions.net/sendFamilyPush","satisfiesPzs":true,"satisfiesPzi":true},"stages":[{"name":"BUILD","message":"Build in progress","state":"IN_PROGRESS","resource":"projects/1075311024495/locations/asia-northeast3/builds/11159536-af8d-4f44-898d-a4671df9808b","resourceUri":"https://console.cloud.google.com/cloud-build/builds;region=asia-northeast3/11159536-af8d-4f44-898d-a4671df9808b?project=1075311024495"},{"name":"SERVICE","state":"NOT_STARTED"}],"operationType":"UPDATE_FUNCTION","buildName":"projects/1075311024495/locations/asia-northeast3/builds/11159536-af8d-4f44-898d-a4671df9808b"},"done":false}
[debug] [2026-08-21T02:58:54.714Z] <<< [apiv2][status] GET https://cloudfunctions.googleapis.com/v2/projects/happybaby-6de42/locations/asia-northeast3/operations/operation-1787281117979-65985d026a4a3-a2817241-9e98c370 200
[debug] [2026-08-21T02:58:54.714Z] <<< [apiv2][body] GET https://cloudfunctions.googleapis.com/v2/projects/happybaby-6de42/locations/asia-northeast3/operations/operation-1787281117979-65985d026a4a3-a2817241-9e98c370 {"name":"projects/happybaby-6de42/locations/asia-northeast3/operations/operation-1787281117979-65985d026a4a3-a2817241-9e98c370","metadata":{"@type":"type.googleapis.com/google.cloud.functions.v2.OperationMetadata","createTime":"2026-08-21T02:58:39.505536270Z","target":"projects/happybaby-6de42/locations/asia-northeast3/functions/deleteUserAccount","verb":"update","cancelRequested":false,"apiVersion":"v2","requestResource":{"@type":"type.googleapis.com/google.cloud.functions.v2.Function","name":"projects/happybaby-6de42/locations/asia-northeast3/functions/deleteUserAccount","buildConfig":{"runtime":"nodejs22","entryPoint":"deleteUserAccount","source":{"storageSource":{"bucket":"gcf-v2-sources-1075311024495-asia-northeast3","object":"deleteUserAccount/function-source.zip","generation":"1787281119468900"}},"environmentVariables":{"GOOGLE_NODE_RUN_SCRIPTS":""},"dockerRepository":"projects/happybaby-6de42/locations/asia-northeast3/repositories/gcf-artifacts","sourceProvenance":{"resolvedStorageSource":{"bucket":"gcf-v2-sources-1075311024495-asia-northeast3","object":"deleteUserAccount/function-source.zip","generation":"1787280561638415"}},"dockerRegistry":"ARTIFACT_REGISTRY","serviceAccount":"projects/happybaby-6de42/serviceAccounts/1075311024495-compute@developer.gserviceaccount.com","automaticUpdatePolicy":{}},"serviceConfig":{"service":"projects/happybaby-6de42/locations/asia-northeast3/services/deleteuseraccount","timeoutSeconds":60,"environmentVariables":{"FIREBASE_CONFIG":"{\"projectId\":\"happybaby-6de42\",\"storageBucket\":\"happybaby-6de42.firebasestorage.app\"}","GCLOUD_PROJECT":"happybaby-6de42","EVENTARC_CLOUD_EVENT_SOURCE":"projects/happybaby-6de42/locations/asia-northeast3/services/deleteUserAccount","FUNCTION_REGION":"asia-northeast3","FUNCTION_TARGET":"deleteUserAccount","LOG_EXECUTION_ID":"true","FUNCTION_SIGNATURE_TYPE":"http"},"maxInstanceCount":10,"ingressSettings":"ALLOW_ALL","uri":"https://deleteuseraccount-w4of67zzlq-du.a.run.app","serviceAccountEmail":"1075311024495-compute@developer.gserviceaccount.com","availableMemory":"256Mi","allTrafficOnLatestRevision":true,"revision":"deleteuseraccount-00002-cax","maxInstanceRequestConcurrency":80,"availableCpu":"1"},"state":"ACTIVE","labels":{"deployment-tool":"cli-firebase","deployment-callable":"true","firebase-functions-hash":"4225db788bbfaa38bcc916ac672a58e67fb28878"},"environment":"GEN_2","url":"https://asia-northeast3-happybaby-6de42.cloudfunctions.net/deleteUserAccount","satisfiesPzs":true,"satisfiesPzi":true},"stages":[{"name":"BUILD","message":"Build in progress","state":"IN_PROGRESS","resource":"projects/1075311024495/locations/asia-northeast3/builds/7a38a3b5-5532-499d-a34b-c232adee202b","resourceUri":"https://console.cloud.google.com/cloud-build/builds;region=asia-northeast3/7a38a3b5-5532-499d-a34b-c232adee202b?project=1075311024495"},{"name":"SERVICE","state":"NOT_STARTED"}],"operationType":"UPDATE_FUNCTION","buildName":"projects/1075311024495/locations/asia-northeast3/builds/7a38a3b5-5532-499d-a34b-c232adee202b"},"done":false}
[debug] [2026-08-21T02:58:54.753Z] <<< [apiv2][status] GET https://cloudfunctions.googleapis.com/v2/projects/happybaby-6de42/locations/asia-northeast3/operations/operation-1787281118144-65985d02926dc-600e9b7f-04b9a5eb 200
[debug] [2026-08-21T02:58:54.754Z] <<< [apiv2][body] GET https://cloudfunctions.googleapis.com/v2/projects/happybaby-6de42/locations/asia-northeast3/operations/operation-1787281118144-65985d02926dc-600e9b7f-04b9a5eb {"name":"projects/happybaby-6de42/locations/asia-northeast3/operations/operation-1787281118144-65985d02926dc-600e9b7f-04b9a5eb","metadata":{"@type":"type.googleapis.com/google.cloud.functions.v2.OperationMetadata","createTime":"2026-08-21T02:58:39.740175822Z","target":"projects/happybaby-6de42/locations/asia-northeast3/functions/bedtimeReminder","verb":"update","cancelRequested":false,"apiVersion":"v2","requestResource":{"@type":"type.googleapis.com/google.cloud.functions.v2.Function","name":"projects/happybaby-6de42/locations/asia-northeast3/functions/bedtimeReminder","buildConfig":{"runtime":"nodejs22","entryPoint":"bedtimeReminder","source":{"storageSource":{"bucket":"gcf-v2-sources-1075311024495-asia-northeast3","object":"bedtimeReminder/function-source.zip","generation":"1787281119704782"}},"environmentVariables":{"GOOGLE_NODE_RUN_SCRIPTS":""},"dockerRepository":"projects/happybaby-6de42/locations/asia-northeast3/repositories/gcf-artifacts","sourceProvenance":{"resolvedStorageSource":{"bucket":"gcf-v2-sources-1075311024495-asia-northeast3","object":"bedtimeReminder/function-source.zip","generation":"1787280511157272"}},"dockerRegistry":"ARTIFACT_REGISTRY","serviceAccount":"projects/happybaby-6de42/serviceAccounts/1075311024495-compute@developer.gserviceaccount.com","automaticUpdatePolicy":{}},"serviceConfig":{"service":"projects/happybaby-6de42/locations/asia-northeast3/services/bedtimereminder","timeoutSeconds":60,"environmentVariables":{"FIREBASE_CONFIG":"{\"projectId\":\"happybaby-6de42\",\"storageBucket\":\"happybaby-6de42.firebasestorage.app\"}","GCLOUD_PROJECT":"happybaby-6de42","EVENTARC_CLOUD_EVENT_SOURCE":"projects/happybaby-6de42/locations/asia-northeast3/services/bedtimeReminder","FUNCTION_REGION":"asia-northeast3","FUNCTION_TARGET":"bedtimeReminder","LOG_EXECUTION_ID":"true"},"maxInstanceCount":2,"ingressSettings":"ALLOW_ALL","uri":"https://bedtimereminder-w4of67zzlq-du.a.run.app","serviceAccountEmail":"1075311024495-compute@developer.gserviceaccount.com","availableMemory":"256Mi","allTrafficOnLatestRevision":true,"revision":"bedtimereminder-00001-gim","maxInstanceRequestConcurrency":80,"availableCpu":"1"},"state":"ACTIVE","labels":{"deployment-tool":"cli-firebase","deployment-scheduled":"true","firebase-functions-hash":"4225db788bbfaa38bcc916ac672a58e67fb28878"},"environment":"GEN_2","url":"https://asia-northeast3-happybaby-6de42.cloudfunctions.net/bedtimeReminder","satisfiesPzs":true,"satisfiesPzi":true},"stages":[{"name":"BUILD","message":"Build in progress","state":"IN_PROGRESS","resource":"projects/1075311024495/locations/asia-northeast3/builds/56e506ac-b9cb-4a80-983d-20ce150f54c8","resourceUri":"https://console.cloud.google.com/cloud-build/builds;region=asia-northeast3/56e506ac-b9cb-4a80-983d-20ce150f54c8?project=1075311024495"},{"name":"SERVICE","state":"NOT_STARTED"}],"operationType":"UPDATE_FUNCTION","buildName":"projects/1075311024495/locations/asia-northeast3/builds/56e506ac-b9cb-4a80-983d-20ce150f54c8"},"done":false}
[debug] [2026-08-21T02:58:55.739Z] <<< [apiv2][status] GET https://cloudfunctions.googleapis.com/v2/projects/happybaby-6de42/locations/us-central1/operations/operation-1787281102560-65985cf3b5c1d-37e6023f-fa012597 200
[debug] [2026-08-21T02:58:55.739Z] <<< [apiv2][body] GET https://cloudfunctions.googleapis.com/v2/projects/happybaby-6de42/locations/us-central1/operations/operation-1787281102560-65985cf3b5c1d-37e6023f-fa012597 {"name":"projects/happybaby-6de42/locations/us-central1/operations/operation-1787281102560-65985cf3b5c1d-37e6023f-fa012597","metadata":{"@type":"type.googleapis.com/google.cloud.functions.v2.OperationMetadata","createTime":"2026-08-21T02:58:24.347844844Z","target":"projects/happybaby-6de42/locations/us-central1/functions/kakaoCustomAuth","verb":"update","cancelRequested":false,"apiVersion":"v2","requestResource":{"@type":"type.googleapis.com/google.cloud.functions.v2.Function","name":"projects/happybaby-6de42/locations/us-central1/functions/kakaoCustomAuth","buildConfig":{"runtime":"nodejs22","entryPoint":"kakaoCustomAuth","source":{"storageSource":{"bucket":"gcf-v2-sources-1075311024495-us-central1","object":"kakaoCustomAuth/function-source.zip","generation":"1787281104287540"}},"environmentVariables":{"GOOGLE_NODE_RUN_SCRIPTS":""},"dockerRepository":"projects/happybaby-6de42/locations/us-central1/repositories/gcf-artifacts","sourceProvenance":{"resolvedStorageSource":{"bucket":"gcf-v2-sources-1075311024495-us-central1","object":"kakaoCustomAuth/function-source.zip","generation":"1787280512156483"}},"dockerRegistry":"ARTIFACT_REGISTRY","serviceAccount":"projects/happybaby-6de42/serviceAccounts/1075311024495-compute@developer.gserviceaccount.com","automaticUpdatePolicy":{}},"serviceConfig":{"service":"projects/happybaby-6de42/locations/us-central1/services/kakaocustomauth","timeoutSeconds":60,"environmentVariables":{"FIREBASE_CONFIG":"{\"projectId\":\"happybaby-6de42\",\"storageBucket\":\"happybaby-6de42.firebasestorage.app\"}","GCLOUD_PROJECT":"happybaby-6de42","EVENTARC_CLOUD_EVENT_SOURCE":"projects/happybaby-6de42/locations/us-central1/services/kakaoCustomAuth","FUNCTION_REGION":"us-central1","FUNCTION_TARGET":"kakaoCustomAuth","LOG_EXECUTION_ID":"true"},"maxInstanceCount":10,"ingressSettings":"ALLOW_ALL","uri":"https://kakaocustomauth-w4of67zzlq-uc.a.run.app","serviceAccountEmail":"1075311024495-compute@developer.gserviceaccount.com","availableMemory":"256Mi","allTrafficOnLatestRevision":true,"revision":"kakaocustomauth-00002-kaz","maxInstanceRequestConcurrency":80,"availableCpu":"1"},"state":"ACTIVE","labels":{"deployment-tool":"cli-firebase","deployment-callable":"true","firebase-functions-hash":"4225db788bbfaa38bcc916ac672a58e67fb28878"},"environment":"GEN_2","url":"https://us-central1-happybaby-6de42.cloudfunctions.net/kakaoCustomAuth","satisfiesPzi":true},"stages":[{"name":"BUILD","message":"Build in progress","state":"IN_PROGRESS","resource":"projects/1075311024495/locations/us-central1/builds/3aea85d5-c457-4f74-b578-9c1af640fe9e","resourceUri":"https://console.cloud.google.com/cloud-build/builds;region=us-central1/3aea85d5-c457-4f74-b578-9c1af640fe9e?project=1075311024495"},{"name":"SERVICE","state":"NOT_STARTED"}],"operationType":"UPDATE_FUNCTION","buildName":"projects/1075311024495/locations/us-central1/builds/3aea85d5-c457-4f74-b578-9c1af640fe9e"},"done":false}
[debug] [2026-08-21T02:59:04.721Z] [update-default-asia-northeast3-sendFamilyPush] Retrying task index 0
[debug] [2026-08-21T02:59:04.721Z] Checked if tokens are valid: true, expires at: 1787284079594
[debug] [2026-08-21T02:59:04.721Z] Checked if tokens are valid: true, expires at: 1787284079594
[debug] [2026-08-21T02:59:04.721Z] >>> [apiv2][query] GET https://cloudfunctions.googleapis.com/v2/projects/happybaby-6de42/locations/asia-northeast3/operations/operation-1787281118143-65985d0292256-f84610a5-1fb31848 [none]
[debug] [2026-08-21T02:59:04.722Z] [update-default-asia-northeast3-deleteUserAccount] Retrying task index 0
[debug] [2026-08-21T02:59:04.722Z] Checked if tokens are valid: true, expires at: 1787284079594
[debug] [2026-08-21T02:59:04.722Z] Checked if tokens are valid: true, expires at: 1787284079594
[debug] [2026-08-21T02:59:04.722Z] >>> [apiv2][query] GET https://cloudfunctions.googleapis.com/v2/projects/happybaby-6de42/locations/asia-northeast3/operations/operation-1787281117979-65985d026a4a3-a2817241-9e98c370 [none]
[debug] [2026-08-21T02:59:04.765Z] [update-default-asia-northeast3-bedtimeReminder] Retrying task index 0
[debug] [2026-08-21T02:59:04.765Z] Checked if tokens are valid: true, expires at: 1787284079594
[debug] [2026-08-21T02:59:04.765Z] Checked if tokens are valid: true, expires at: 1787284079594
[debug] [2026-08-21T02:59:04.765Z] >>> [apiv2][query] GET https://cloudfunctions.googleapis.com/v2/projects/happybaby-6de42/locations/asia-northeast3/operations/operation-1787281118144-65985d02926dc-600e9b7f-04b9a5eb [none]
[debug] [2026-08-21T02:59:04.896Z] <<< [apiv2][status] GET https://cloudfunctions.googleapis.com/v2/projects/happybaby-6de42/locations/asia-northeast3/operations/operation-1787281118143-65985d0292256-f84610a5-1fb31848 200
[debug] [2026-08-21T02:59:04.896Z] <<< [apiv2][body] GET https://cloudfunctions.googleapis.com/v2/projects/happybaby-6de42/locations/asia-northeast3/operations/operation-1787281118143-65985d0292256-f84610a5-1fb31848 {"name":"projects/happybaby-6de42/locations/asia-northeast3/operations/operation-1787281118143-65985d0292256-f84610a5-1fb31848","metadata":{"@type":"type.googleapis.com/google.cloud.functions.v2.OperationMetadata","createTime":"2026-08-21T02:58:39.632114335Z","target":"projects/happybaby-6de42/locations/asia-northeast3/functions/sendFamilyPush","verb":"update","cancelRequested":false,"apiVersion":"v2","requestResource":{"@type":"type.googleapis.com/google.cloud.functions.v2.Function","name":"projects/happybaby-6de42/locations/asia-northeast3/functions/sendFamilyPush","buildConfig":{"runtime":"nodejs22","entryPoint":"sendFamilyPush","source":{"storageSource":{"bucket":"gcf-v2-sources-1075311024495-asia-northeast3","object":"sendFamilyPush/function-source.zip","generation":"1787281119597945"}},"environmentVariables":{"GOOGLE_NODE_RUN_SCRIPTS":""},"dockerRepository":"projects/happybaby-6de42/locations/asia-northeast3/repositories/gcf-artifacts","sourceProvenance":{"resolvedStorageSource":{"bucket":"gcf-v2-sources-1075311024495-asia-northeast3","object":"sendFamilyPush/function-source.zip","generation":"1787280561236704"}},"dockerRegistry":"ARTIFACT_REGISTRY","serviceAccount":"projects/happybaby-6de42/serviceAccounts/1075311024495-compute@developer.gserviceaccount.com","automaticUpdatePolicy":{}},"serviceConfig":{"service":"projects/happybaby-6de42/locations/asia-northeast3/services/sendfamilypush","timeoutSeconds":60,"environmentVariables":{"FIREBASE_CONFIG":"{\"projectId\":\"happybaby-6de42\",\"storageBucket\":\"happybaby-6de42.firebasestorage.app\"}","GCLOUD_PROJECT":"happybaby-6de42","EVENTARC_CLOUD_EVENT_SOURCE":"projects/happybaby-6de42/locations/asia-northeast3/services/sendFamilyPush","FUNCTION_REGION":"asia-northeast3","FUNCTION_TARGET":"sendFamilyPush","LOG_EXECUTION_ID":"true","FUNCTION_SIGNATURE_TYPE":"http"},"maxInstanceCount":10,"ingressSettings":"ALLOW_ALL","uri":"https://sendfamilypush-w4of67zzlq-du.a.run.app","serviceAccountEmail":"1075311024495-compute@developer.gserviceaccount.com","availableMemory":"256Mi","allTrafficOnLatestRevision":true,"revision":"sendfamilypush-00002-buv","maxInstanceRequestConcurrency":80,"availableCpu":"1"},"state":"ACTIVE","labels":{"deployment-tool":"cli-firebase","deployment-callable":"true","firebase-functions-hash":"4225db788bbfaa38bcc916ac672a58e67fb28878"},"environment":"GEN_2","url":"https://asia-northeast3-happybaby-6de42.cloudfunctions.net/sendFamilyPush","satisfiesPzs":true,"satisfiesPzi":true},"stages":[{"name":"BUILD","message":"Build in progress","state":"IN_PROGRESS","resource":"projects/1075311024495/locations/asia-northeast3/builds/11159536-af8d-4f44-898d-a4671df9808b","resourceUri":"https://console.cloud.google.com/cloud-build/builds;region=asia-northeast3/11159536-af8d-4f44-898d-a4671df9808b?project=1075311024495"},{"name":"SERVICE","state":"NOT_STARTED"}],"operationType":"UPDATE_FUNCTION","buildName":"projects/1075311024495/locations/asia-northeast3/builds/11159536-af8d-4f44-898d-a4671df9808b"},"done":false}
[debug] [2026-08-21T02:59:04.898Z] <<< [apiv2][status] GET https://cloudfunctions.googleapis.com/v2/projects/happybaby-6de42/locations/asia-northeast3/operations/operation-1787281117979-65985d026a4a3-a2817241-9e98c370 200
[debug] [2026-08-21T02:59:04.898Z] <<< [apiv2][body] GET https://cloudfunctions.googleapis.com/v2/projects/happybaby-6de42/locations/asia-northeast3/operations/operation-1787281117979-65985d026a4a3-a2817241-9e98c370 {"name":"projects/happybaby-6de42/locations/asia-northeast3/operations/operation-1787281117979-65985d026a4a3-a2817241-9e98c370","metadata":{"@type":"type.googleapis.com/google.cloud.functions.v2.OperationMetadata","createTime":"2026-08-21T02:58:39.505536270Z","target":"projects/happybaby-6de42/locations/asia-northeast3/functions/deleteUserAccount","verb":"update","cancelRequested":false,"apiVersion":"v2","requestResource":{"@type":"type.googleapis.com/google.cloud.functions.v2.Function","name":"projects/happybaby-6de42/locations/asia-northeast3/functions/deleteUserAccount","buildConfig":{"runtime":"nodejs22","entryPoint":"deleteUserAccount","source":{"storageSource":{"bucket":"gcf-v2-sources-1075311024495-asia-northeast3","object":"deleteUserAccount/function-source.zip","generation":"1787281119468900"}},"environmentVariables":{"GOOGLE_NODE_RUN_SCRIPTS":""},"dockerRepository":"projects/happybaby-6de42/locations/asia-northeast3/repositories/gcf-artifacts","sourceProvenance":{"resolvedStorageSource":{"bucket":"gcf-v2-sources-1075311024495-asia-northeast3","object":"deleteUserAccount/function-source.zip","generation":"1787280561638415"}},"dockerRegistry":"ARTIFACT_REGISTRY","serviceAccount":"projects/happybaby-6de42/serviceAccounts/1075311024495-compute@developer.gserviceaccount.com","automaticUpdatePolicy":{}},"serviceConfig":{"service":"projects/happybaby-6de42/locations/asia-northeast3/services/deleteuseraccount","timeoutSeconds":60,"environmentVariables":{"FIREBASE_CONFIG":"{\"projectId\":\"happybaby-6de42\",\"storageBucket\":\"happybaby-6de42.firebasestorage.app\"}","GCLOUD_PROJECT":"happybaby-6de42","EVENTARC_CLOUD_EVENT_SOURCE":"projects/happybaby-6de42/locations/asia-northeast3/services/deleteUserAccount","FUNCTION_REGION":"asia-northeast3","FUNCTION_TARGET":"deleteUserAccount","LOG_EXECUTION_ID":"true","FUNCTION_SIGNATURE_TYPE":"http"},"maxInstanceCount":10,"ingressSettings":"ALLOW_ALL","uri":"https://deleteuseraccount-w4of67zzlq-du.a.run.app","serviceAccountEmail":"1075311024495-compute@developer.gserviceaccount.com","availableMemory":"256Mi","allTrafficOnLatestRevision":true,"revision":"deleteuseraccount-00002-cax","maxInstanceRequestConcurrency":80,"availableCpu":"1"},"state":"ACTIVE","labels":{"deployment-tool":"cli-firebase","deployment-callable":"true","firebase-functions-hash":"4225db788bbfaa38bcc916ac672a58e67fb28878"},"environment":"GEN_2","url":"https://asia-northeast3-happybaby-6de42.cloudfunctions.net/deleteUserAccount","satisfiesPzs":true,"satisfiesPzi":true},"stages":[{"name":"BUILD","message":"Build in progress","state":"IN_PROGRESS","resource":"projects/1075311024495/locations/asia-northeast3/builds/7a38a3b5-5532-499d-a34b-c232adee202b","resourceUri":"https://console.cloud.google.com/cloud-build/builds;region=asia-northeast3/7a38a3b5-5532-499d-a34b-c232adee202b?project=1075311024495"},{"name":"SERVICE","state":"NOT_STARTED"}],"operationType":"UPDATE_FUNCTION","buildName":"projects/1075311024495/locations/asia-northeast3/builds/7a38a3b5-5532-499d-a34b-c232adee202b"},"done":false}
[debug] [2026-08-21T02:59:05.077Z] <<< [apiv2][status] GET https://cloudfunctions.googleapis.com/v2/projects/happybaby-6de42/locations/asia-northeast3/operations/operation-1787281118144-65985d02926dc-600e9b7f-04b9a5eb 200
[debug] [2026-08-21T02:59:05.077Z] <<< [apiv2][body] GET https://cloudfunctions.googleapis.com/v2/projects/happybaby-6de42/locations/asia-northeast3/operations/operation-1787281118144-65985d02926dc-600e9b7f-04b9a5eb {"name":"projects/happybaby-6de42/locations/asia-northeast3/operations/operation-1787281118144-65985d02926dc-600e9b7f-04b9a5eb","metadata":{"@type":"type.googleapis.com/google.cloud.functions.v2.OperationMetadata","createTime":"2026-08-21T02:58:39.740175822Z","target":"projects/happybaby-6de42/locations/asia-northeast3/functions/bedtimeReminder","verb":"update","cancelRequested":false,"apiVersion":"v2","requestResource":{"@type":"type.googleapis.com/google.cloud.functions.v2.Function","name":"projects/happybaby-6de42/locations/asia-northeast3/functions/bedtimeReminder","buildConfig":{"runtime":"nodejs22","entryPoint":"bedtimeReminder","source":{"storageSource":{"bucket":"gcf-v2-sources-1075311024495-asia-northeast3","object":"bedtimeReminder/function-source.zip","generation":"1787281119704782"}},"environmentVariables":{"GOOGLE_NODE_RUN_SCRIPTS":""},"dockerRepository":"projects/happybaby-6de42/locations/asia-northeast3/repositories/gcf-artifacts","sourceProvenance":{"resolvedStorageSource":{"bucket":"gcf-v2-sources-1075311024495-asia-northeast3","object":"bedtimeReminder/function-source.zip","generation":"1787280511157272"}},"dockerRegistry":"ARTIFACT_REGISTRY","serviceAccount":"projects/happybaby-6de42/serviceAccounts/1075311024495-compute@developer.gserviceaccount.com","automaticUpdatePolicy":{}},"serviceConfig":{"service":"projects/happybaby-6de42/locations/asia-northeast3/services/bedtimereminder","timeoutSeconds":60,"environmentVariables":{"FIREBASE_CONFIG":"{\"projectId\":\"happybaby-6de42\",\"storageBucket\":\"happybaby-6de42.firebasestorage.app\"}","GCLOUD_PROJECT":"happybaby-6de42","EVENTARC_CLOUD_EVENT_SOURCE":"projects/happybaby-6de42/locations/asia-northeast3/services/bedtimeReminder","FUNCTION_REGION":"asia-northeast3","FUNCTION_TARGET":"bedtimeReminder","LOG_EXECUTION_ID":"true"},"maxInstanceCount":2,"ingressSettings":"ALLOW_ALL","uri":"https://bedtimereminder-w4of67zzlq-du.a.run.app","serviceAccountEmail":"1075311024495-compute@developer.gserviceaccount.com","availableMemory":"256Mi","allTrafficOnLatestRevision":true,"revision":"bedtimereminder-00001-gim","maxInstanceRequestConcurrency":80,"availableCpu":"1"},"state":"ACTIVE","labels":{"deployment-tool":"cli-firebase","deployment-scheduled":"true","firebase-functions-hash":"4225db788bbfaa38bcc916ac672a58e67fb28878"},"environment":"GEN_2","url":"https://asia-northeast3-happybaby-6de42.cloudfunctions.net/bedtimeReminder","satisfiesPzs":true,"satisfiesPzi":true},"stages":[{"name":"BUILD","message":"Build in progress","state":"IN_PROGRESS","resource":"projects/1075311024495/locations/asia-northeast3/builds/56e506ac-b9cb-4a80-983d-20ce150f54c8","resourceUri":"https://console.cloud.google.com/cloud-build/builds;region=asia-northeast3/56e506ac-b9cb-4a80-983d-20ce150f54c8?project=1075311024495"},{"name":"SERVICE","state":"NOT_STARTED"}],"operationType":"UPDATE_FUNCTION","buildName":"projects/1075311024495/locations/asia-northeast3/builds/56e506ac-b9cb-4a80-983d-20ce150f54c8"},"done":false}
[debug] [2026-08-21T02:59:05.751Z] [update-default-us-central1-kakaoCustomAuth] Retrying task index 0
[debug] [2026-08-21T02:59:05.752Z] Checked if tokens are valid: true, expires at: 1787284079594
[debug] [2026-08-21T02:59:05.752Z] Checked if tokens are valid: true, expires at: 1787284079594
[debug] [2026-08-21T02:59:05.752Z] >>> [apiv2][query] GET https://cloudfunctions.googleapis.com/v2/projects/happybaby-6de42/locations/us-central1/operations/operation-1787281102560-65985cf3b5c1d-37e6023f-fa012597 [none]
[debug] [2026-08-21T02:59:06.880Z] <<< [apiv2][status] GET https://cloudfunctions.googleapis.com/v2/projects/happybaby-6de42/locations/us-central1/operations/operation-1787281102560-65985cf3b5c1d-37e6023f-fa012597 200
[debug] [2026-08-21T02:59:06.880Z] <<< [apiv2][body] GET https://cloudfunctions.googleapis.com/v2/projects/happybaby-6de42/locations/us-central1/operations/operation-1787281102560-65985cf3b5c1d-37e6023f-fa012597 {"name":"projects/happybaby-6de42/locations/us-central1/operations/operation-1787281102560-65985cf3b5c1d-37e6023f-fa012597","metadata":{"@type":"type.googleapis.com/google.cloud.functions.v2.OperationMetadata","createTime":"2026-08-21T02:58:24.347844844Z","target":"projects/happybaby-6de42/locations/us-central1/functions/kakaoCustomAuth","verb":"update","cancelRequested":false,"apiVersion":"v2","requestResource":{"@type":"type.googleapis.com/google.cloud.functions.v2.Function","name":"projects/happybaby-6de42/locations/us-central1/functions/kakaoCustomAuth","buildConfig":{"runtime":"nodejs22","entryPoint":"kakaoCustomAuth","source":{"storageSource":{"bucket":"gcf-v2-sources-1075311024495-us-central1","object":"kakaoCustomAuth/function-source.zip","generation":"1787281104287540"}},"environmentVariables":{"GOOGLE_NODE_RUN_SCRIPTS":""},"dockerRepository":"projects/happybaby-6de42/locations/us-central1/repositories/gcf-artifacts","sourceProvenance":{"resolvedStorageSource":{"bucket":"gcf-v2-sources-1075311024495-us-central1","object":"kakaoCustomAuth/function-source.zip","generation":"1787280512156483"}},"dockerRegistry":"ARTIFACT_REGISTRY","serviceAccount":"projects/happybaby-6de42/serviceAccounts/1075311024495-compute@developer.gserviceaccount.com","automaticUpdatePolicy":{}},"serviceConfig":{"service":"projects/happybaby-6de42/locations/us-central1/services/kakaocustomauth","timeoutSeconds":60,"environmentVariables":{"FIREBASE_CONFIG":"{\"projectId\":\"happybaby-6de42\",\"storageBucket\":\"happybaby-6de42.firebasestorage.app\"}","GCLOUD_PROJECT":"happybaby-6de42","EVENTARC_CLOUD_EVENT_SOURCE":"projects/happybaby-6de42/locations/us-central1/services/kakaoCustomAuth","FUNCTION_REGION":"us-central1","FUNCTION_TARGET":"kakaoCustomAuth","LOG_EXECUTION_ID":"true"},"maxInstanceCount":10,"ingressSettings":"ALLOW_ALL","uri":"https://kakaocustomauth-w4of67zzlq-uc.a.run.app","serviceAccountEmail":"1075311024495-compute@developer.gserviceaccount.com","availableMemory":"256Mi","allTrafficOnLatestRevision":true,"revision":"kakaocustomauth-00002-kaz","maxInstanceRequestConcurrency":80,"availableCpu":"1"},"state":"ACTIVE","labels":{"deployment-tool":"cli-firebase","deployment-callable":"true","firebase-functions-hash":"4225db788bbfaa38bcc916ac672a58e67fb28878"},"environment":"GEN_2","url":"https://us-central1-happybaby-6de42.cloudfunctions.net/kakaoCustomAuth","satisfiesPzi":true},"stages":[{"name":"BUILD","message":"Build in progress","state":"IN_PROGRESS","resource":"projects/1075311024495/locations/us-central1/builds/3aea85d5-c457-4f74-b578-9c1af640fe9e","resourceUri":"https://console.cloud.google.com/cloud-build/builds;region=us-central1/3aea85d5-c457-4f74-b578-9c1af640fe9e?project=1075311024495"},{"name":"SERVICE","state":"NOT_STARTED"}],"operationType":"UPDATE_FUNCTION","buildName":"projects/1075311024495/locations/us-central1/builds/3aea85d5-c457-4f74-b578-9c1af640fe9e"},"done":false}
[debug] [2026-08-21T02:59:14.898Z] [update-default-asia-northeast3-sendFamilyPush] Retrying task index 0
[debug] [2026-08-21T02:59:14.898Z] Checked if tokens are valid: true, expires at: 1787284079594
[debug] [2026-08-21T02:59:14.898Z] Checked if tokens are valid: true, expires at: 1787284079594
[debug] [2026-08-21T02:59:14.898Z] >>> [apiv2][query] GET https://cloudfunctions.googleapis.com/v2/projects/happybaby-6de42/locations/asia-northeast3/operations/operation-1787281118143-65985d0292256-f84610a5-1fb31848 [none]
[debug] [2026-08-21T02:59:14.899Z] [update-default-asia-northeast3-deleteUserAccount] Retrying task index 0
[debug] [2026-08-21T02:59:14.899Z] Checked if tokens are valid: true, expires at: 1787284079594
[debug] [2026-08-21T02:59:14.899Z] Checked if tokens are valid: true, expires at: 1787284079594
[debug] [2026-08-21T02:59:14.899Z] >>> [apiv2][query] GET https://cloudfunctions.googleapis.com/v2/projects/happybaby-6de42/locations/asia-northeast3/operations/operation-1787281117979-65985d026a4a3-a2817241-9e98c370 [none]
[debug] [2026-08-21T02:59:15.080Z] [update-default-asia-northeast3-bedtimeReminder] Retrying task index 0
[debug] [2026-08-21T02:59:15.080Z] Checked if tokens are valid: true, expires at: 1787284079594
[debug] [2026-08-21T02:59:15.080Z] Checked if tokens are valid: true, expires at: 1787284079594
[debug] [2026-08-21T02:59:15.080Z] >>> [apiv2][query] GET https://cloudfunctions.googleapis.com/v2/projects/happybaby-6de42/locations/asia-northeast3/operations/operation-1787281118144-65985d02926dc-600e9b7f-04b9a5eb [none]
[debug] [2026-08-21T02:59:15.084Z] <<< [apiv2][status] GET https://cloudfunctions.googleapis.com/v2/projects/happybaby-6de42/locations/asia-northeast3/operations/operation-1787281117979-65985d026a4a3-a2817241-9e98c370 200
[debug] [2026-08-21T02:59:15.084Z] <<< [apiv2][body] GET https://cloudfunctions.googleapis.com/v2/projects/happybaby-6de42/locations/asia-northeast3/operations/operation-1787281117979-65985d026a4a3-a2817241-9e98c370 {"name":"projects/happybaby-6de42/locations/asia-northeast3/operations/operation-1787281117979-65985d026a4a3-a2817241-9e98c370","metadata":{"@type":"type.googleapis.com/google.cloud.functions.v2.OperationMetadata","createTime":"2026-08-21T02:58:39.505536270Z","target":"projects/happybaby-6de42/locations/asia-northeast3/functions/deleteUserAccount","verb":"update","cancelRequested":false,"apiVersion":"v2","requestResource":{"@type":"type.googleapis.com/google.cloud.functions.v2.Function","name":"projects/happybaby-6de42/locations/asia-northeast3/functions/deleteUserAccount","buildConfig":{"runtime":"nodejs22","entryPoint":"deleteUserAccount","source":{"storageSource":{"bucket":"gcf-v2-sources-1075311024495-asia-northeast3","object":"deleteUserAccount/function-source.zip","generation":"1787281119468900"}},"environmentVariables":{"GOOGLE_NODE_RUN_SCRIPTS":""},"dockerRepository":"projects/happybaby-6de42/locations/asia-northeast3/repositories/gcf-artifacts","sourceProvenance":{"resolvedStorageSource":{"bucket":"gcf-v2-sources-1075311024495-asia-northeast3","object":"deleteUserAccount/function-source.zip","generation":"1787280561638415"}},"dockerRegistry":"ARTIFACT_REGISTRY","serviceAccount":"projects/happybaby-6de42/serviceAccounts/1075311024495-compute@developer.gserviceaccount.com","automaticUpdatePolicy":{}},"serviceConfig":{"service":"projects/happybaby-6de42/locations/asia-northeast3/services/deleteuseraccount","timeoutSeconds":60,"environmentVariables":{"FIREBASE_CONFIG":"{\"projectId\":\"happybaby-6de42\",\"storageBucket\":\"happybaby-6de42.firebasestorage.app\"}","GCLOUD_PROJECT":"happybaby-6de42","EVENTARC_CLOUD_EVENT_SOURCE":"projects/happybaby-6de42/locations/asia-northeast3/services/deleteUserAccount","FUNCTION_REGION":"asia-northeast3","FUNCTION_TARGET":"deleteUserAccount","LOG_EXECUTION_ID":"true","FUNCTION_SIGNATURE_TYPE":"http"},"maxInstanceCount":10,"ingressSettings":"ALLOW_ALL","uri":"https://deleteuseraccount-w4of67zzlq-du.a.run.app","serviceAccountEmail":"1075311024495-compute@developer.gserviceaccount.com","availableMemory":"256Mi","allTrafficOnLatestRevision":true,"revision":"deleteuseraccount-00002-cax","maxInstanceRequestConcurrency":80,"availableCpu":"1"},"state":"ACTIVE","labels":{"deployment-tool":"cli-firebase","deployment-callable":"true","firebase-functions-hash":"4225db788bbfaa38bcc916ac672a58e67fb28878"},"environment":"GEN_2","url":"https://asia-northeast3-happybaby-6de42.cloudfunctions.net/deleteUserAccount","satisfiesPzs":true,"satisfiesPzi":true},"stages":[{"name":"BUILD","message":"Build finished","state":"COMPLETE","resource":"projects/1075311024495/locations/asia-northeast3/builds/7a38a3b5-5532-499d-a34b-c232adee202b","resourceUri":"https://console.cloud.google.com/cloud-build/builds;region=asia-northeast3/7a38a3b5-5532-499d-a34b-c232adee202b?project=1075311024495"},{"name":"SERVICE","message":"Updating Cloud Run service","state":"IN_PROGRESS","resource":"projects/happybaby-6de42/locations/asia-northeast3/services/deleteuseraccount","resourceUri":"https://console.cloud.google.com/run/detail/asia-northeast3/deleteuseraccount?project=happybaby-6de42","stateMessages":[{"severity":"INFO","type":"CloudRunServiceNewRevisionTrafficInfo","message":"A new revision will be deployed serving with 100% traffic."}]}],"sourceToken":"Clxwcm9qZWN0cy8xMDc1MzExMDI0NDk1L2xvY2F0aW9ucy9hc2lhLW5vcnRoZWFzdDMvYnVpbGRzLzdhMzhhM2I1LTU1MzItNDk5ZC1hMzRiLWMyMzJhZGVlMjAyYhJ+YXNpYS1ub3J0aGVhc3QzLWRvY2tlci5wa2cuZGV2L2hhcHB5YmFieS02ZGU0Mi9nY2YtYXJ0aWZhY3RzL2hhcHB5YmFieS0tNmRlNDJfX2FzaWEtLW5vcnRoZWFzdDNfX2RlbGV0ZV91c2VyX2FjY291bnQ6dmVyc2lvbl8xGO+yoOylHyJOcHJvamVjdHMvaGFwcHliYWJ5LTZkZTQyL2xvY2F0aW9ucy9hc2lhLW5vcnRoZWFzdDMvZnVuY3Rpb25zL2RlbGV0ZVVzZXJBY2NvdW50KgwIgf6e1AYQiLeN5gEyCG5vZGVqczIyOnoKI2djci5pby9nYWUtcnVudGltZXMvbm9kZWpzMjI6c3RhYmxlElNhc2lhLW5vcnRoZWFzdDMtZG9ja2VyLnBrZy5kZXYvc2VydmVybGVzcy1ydW50aW1lcy9nb29nbGUtMjItZnVsbC9ydW50aW1lcy9ub2RlanMyMkAB","operationType":"UPDATE_FUNCTION","buildName":"projects/1075311024495/locations/asia-northeast3/builds/7a38a3b5-5532-499d-a34b-c232adee202b"},"done":false}
[debug] [2026-08-21T02:59:15.084Z] Got source token Clxwcm9qZWN0cy8xMDc1MzExMDI0NDk1L2xvY2F0aW9ucy9hc2lhLW5vcnRoZWFzdDMvYnVpbGRzLzdhMzhhM2I1LTU1MzItNDk5ZC1hMzRiLWMyMzJhZGVlMjAyYhJ+YXNpYS1ub3J0aGVhc3QzLWRvY2tlci5wa2cuZGV2L2hhcHB5YmFieS02ZGU0Mi9nY2YtYXJ0aWZhY3RzL2hhcHB5YmFieS0tNmRlNDJfX2FzaWEtLW5vcnRoZWFzdDNfX2RlbGV0ZV91c2VyX2FjY291bnQ6dmVyc2lvbl8xGO+yoOylHyJOcHJvamVjdHMvaGFwcHliYWJ5LTZkZTQyL2xvY2F0aW9ucy9hc2lhLW5vcnRoZWFzdDMvZnVuY3Rpb25zL2RlbGV0ZVVzZXJBY2NvdW50KgwIgf6e1AYQiLeN5gEyCG5vZGVqczIyOnoKI2djci5pby9nYWUtcnVudGltZXMvbm9kZWpzMjI6c3RhYmxlElNhc2lhLW5vcnRoZWFzdDMtZG9ja2VyLnBrZy5kZXYvc2VydmVybGVzcy1ydW50aW1lcy9nb29nbGUtMjItZnVsbC9ydW50aW1lcy9ub2RlanMyMkAB for region asia-northeast3
[debug] [2026-08-21T02:59:15.229Z] <<< [apiv2][status] GET https://cloudfunctions.googleapis.com/v2/projects/happybaby-6de42/locations/asia-northeast3/operations/operation-1787281118143-65985d0292256-f84610a5-1fb31848 200
[debug] [2026-08-21T02:59:15.229Z] <<< [apiv2][body] GET https://cloudfunctions.googleapis.com/v2/projects/happybaby-6de42/locations/asia-northeast3/operations/operation-1787281118143-65985d0292256-f84610a5-1fb31848 {"name":"projects/happybaby-6de42/locations/asia-northeast3/operations/operation-1787281118143-65985d0292256-f84610a5-1fb31848","metadata":{"@type":"type.googleapis.com/google.cloud.functions.v2.OperationMetadata","createTime":"2026-08-21T02:58:39.632114335Z","target":"projects/happybaby-6de42/locations/asia-northeast3/functions/sendFamilyPush","verb":"update","cancelRequested":false,"apiVersion":"v2","requestResource":{"@type":"type.googleapis.com/google.cloud.functions.v2.Function","name":"projects/happybaby-6de42/locations/asia-northeast3/functions/sendFamilyPush","buildConfig":{"runtime":"nodejs22","entryPoint":"sendFamilyPush","source":{"storageSource":{"bucket":"gcf-v2-sources-1075311024495-asia-northeast3","object":"sendFamilyPush/function-source.zip","generation":"1787281119597945"}},"environmentVariables":{"GOOGLE_NODE_RUN_SCRIPTS":""},"dockerRepository":"projects/happybaby-6de42/locations/asia-northeast3/repositories/gcf-artifacts","sourceProvenance":{"resolvedStorageSource":{"bucket":"gcf-v2-sources-1075311024495-asia-northeast3","object":"sendFamilyPush/function-source.zip","generation":"1787280561236704"}},"dockerRegistry":"ARTIFACT_REGISTRY","serviceAccount":"projects/happybaby-6de42/serviceAccounts/1075311024495-compute@developer.gserviceaccount.com","automaticUpdatePolicy":{}},"serviceConfig":{"service":"projects/happybaby-6de42/locations/asia-northeast3/services/sendfamilypush","timeoutSeconds":60,"environmentVariables":{"FIREBASE_CONFIG":"{\"projectId\":\"happybaby-6de42\",\"storageBucket\":\"happybaby-6de42.firebasestorage.app\"}","GCLOUD_PROJECT":"happybaby-6de42","EVENTARC_CLOUD_EVENT_SOURCE":"projects/happybaby-6de42/locations/asia-northeast3/services/sendFamilyPush","FUNCTION_REGION":"asia-northeast3","FUNCTION_TARGET":"sendFamilyPush","LOG_EXECUTION_ID":"true","FUNCTION_SIGNATURE_TYPE":"http"},"maxInstanceCount":10,"ingressSettings":"ALLOW_ALL","uri":"https://sendfamilypush-w4of67zzlq-du.a.run.app","serviceAccountEmail":"1075311024495-compute@developer.gserviceaccount.com","availableMemory":"256Mi","allTrafficOnLatestRevision":true,"revision":"sendfamilypush-00002-buv","maxInstanceRequestConcurrency":80,"availableCpu":"1"},"state":"ACTIVE","labels":{"deployment-tool":"cli-firebase","deployment-callable":"true","firebase-functions-hash":"4225db788bbfaa38bcc916ac672a58e67fb28878"},"environment":"GEN_2","url":"https://asia-northeast3-happybaby-6de42.cloudfunctions.net/sendFamilyPush","satisfiesPzs":true,"satisfiesPzi":true},"stages":[{"name":"BUILD","message":"Build in progress","state":"IN_PROGRESS","resource":"projects/1075311024495/locations/asia-northeast3/builds/11159536-af8d-4f44-898d-a4671df9808b","resourceUri":"https://console.cloud.google.com/cloud-build/builds;region=asia-northeast3/11159536-af8d-4f44-898d-a4671df9808b?project=1075311024495"},{"name":"SERVICE","state":"NOT_STARTED"}],"operationType":"UPDATE_FUNCTION","buildName":"projects/1075311024495/locations/asia-northeast3/builds/11159536-af8d-4f44-898d-a4671df9808b"},"done":false}
[debug] [2026-08-21T02:59:15.256Z] <<< [apiv2][status] GET https://cloudfunctions.googleapis.com/v2/projects/happybaby-6de42/locations/asia-northeast3/operations/operation-1787281118144-65985d02926dc-600e9b7f-04b9a5eb 200
[debug] [2026-08-21T02:59:15.256Z] <<< [apiv2][body] GET https://cloudfunctions.googleapis.com/v2/projects/happybaby-6de42/locations/asia-northeast3/operations/operation-1787281118144-65985d02926dc-600e9b7f-04b9a5eb {"name":"projects/happybaby-6de42/locations/asia-northeast3/operations/operation-1787281118144-65985d02926dc-600e9b7f-04b9a5eb","metadata":{"@type":"type.googleapis.com/google.cloud.functions.v2.OperationMetadata","createTime":"2026-08-21T02:58:39.740175822Z","target":"projects/happybaby-6de42/locations/asia-northeast3/functions/bedtimeReminder","verb":"update","cancelRequested":false,"apiVersion":"v2","requestResource":{"@type":"type.googleapis.com/google.cloud.functions.v2.Function","name":"projects/happybaby-6de42/locations/asia-northeast3/functions/bedtimeReminder","buildConfig":{"runtime":"nodejs22","entryPoint":"bedtimeReminder","source":{"storageSource":{"bucket":"gcf-v2-sources-1075311024495-asia-northeast3","object":"bedtimeReminder/function-source.zip","generation":"1787281119704782"}},"environmentVariables":{"GOOGLE_NODE_RUN_SCRIPTS":""},"dockerRepository":"projects/happybaby-6de42/locations/asia-northeast3/repositories/gcf-artifacts","sourceProvenance":{"resolvedStorageSource":{"bucket":"gcf-v2-sources-1075311024495-asia-northeast3","object":"bedtimeReminder/function-source.zip","generation":"1787280511157272"}},"dockerRegistry":"ARTIFACT_REGISTRY","serviceAccount":"projects/happybaby-6de42/serviceAccounts/1075311024495-compute@developer.gserviceaccount.com","automaticUpdatePolicy":{}},"serviceConfig":{"service":"projects/happybaby-6de42/locations/asia-northeast3/services/bedtimereminder","timeoutSeconds":60,"environmentVariables":{"FIREBASE_CONFIG":"{\"projectId\":\"happybaby-6de42\",\"storageBucket\":\"happybaby-6de42.firebasestorage.app\"}","GCLOUD_PROJECT":"happybaby-6de42","EVENTARC_CLOUD_EVENT_SOURCE":"projects/happybaby-6de42/locations/asia-northeast3/services/bedtimeReminder","FUNCTION_REGION":"asia-northeast3","FUNCTION_TARGET":"bedtimeReminder","LOG_EXECUTION_ID":"true"},"maxInstanceCount":2,"ingressSettings":"ALLOW_ALL","uri":"https://bedtimereminder-w4of67zzlq-du.a.run.app","serviceAccountEmail":"1075311024495-compute@developer.gserviceaccount.com","availableMemory":"256Mi","allTrafficOnLatestRevision":true,"revision":"bedtimereminder-00001-gim","maxInstanceRequestConcurrency":80,"availableCpu":"1"},"state":"ACTIVE","labels":{"deployment-tool":"cli-firebase","deployment-scheduled":"true","firebase-functions-hash":"4225db788bbfaa38bcc916ac672a58e67fb28878"},"environment":"GEN_2","url":"https://asia-northeast3-happybaby-6de42.cloudfunctions.net/bedtimeReminder","satisfiesPzs":true,"satisfiesPzi":true},"stages":[{"name":"BUILD","message":"Build finished","state":"COMPLETE","resource":"projects/1075311024495/locations/asia-northeast3/builds/56e506ac-b9cb-4a80-983d-20ce150f54c8","resourceUri":"https://console.cloud.google.com/cloud-build/builds;region=asia-northeast3/56e506ac-b9cb-4a80-983d-20ce150f54c8?project=1075311024495"},{"name":"SERVICE","state":"NOT_STARTED"}],"sourceToken":"Clxwcm9qZWN0cy8xMDc1MzExMDI0NDk1L2xvY2F0aW9ucy9hc2lhLW5vcnRoZWFzdDMvYnVpbGRzLzU2ZTUwNmFjLWI5Y2ItNGE4MC05ODNkLTIwY2UxNTBmNTRjOBJ7YXNpYS1ub3J0aGVhc3QzLWRvY2tlci5wa2cuZGV2L2hhcHB5YmFieS02ZGU0Mi9nY2YtYXJ0aWZhY3RzL2hhcHB5YmFieS0tNmRlNDJfX2FzaWEtLW5vcnRoZWFzdDNfX2JlZHRpbWVfcmVtaW5kZXI6dmVyc2lvbl8xGO+yoOylHyJMcHJvamVjdHMvaGFwcHliYWJ5LTZkZTQyL2xvY2F0aW9ucy9hc2lhLW5vcnRoZWFzdDMvZnVuY3Rpb25zL2JlZHRpbWVSZW1pbmRlcioMCIT+ntQGEMiklZYCMghub2RlanMyMjp6CiNnY3IuaW8vZ2FlLXJ1bnRpbWVzL25vZGVqczIyOnN0YWJsZRJTYXNpYS1ub3J0aGVhc3QzLWRvY2tlci5wa2cuZGV2L3NlcnZlcmxlc3MtcnVudGltZXMvZ29vZ2xlLTIyLWZ1bGwvcnVudGltZXMvbm9kZWpzMjJAAQ==","operationType":"UPDATE_FUNCTION","buildName":"projects/1075311024495/locations/asia-northeast3/builds/56e506ac-b9cb-4a80-983d-20ce150f54c8"},"done":false}
[debug] [2026-08-21T02:59:15.256Z] Got source token Clxwcm9qZWN0cy8xMDc1MzExMDI0NDk1L2xvY2F0aW9ucy9hc2lhLW5vcnRoZWFzdDMvYnVpbGRzLzU2ZTUwNmFjLWI5Y2ItNGE4MC05ODNkLTIwY2UxNTBmNTRjOBJ7YXNpYS1ub3J0aGVhc3QzLWRvY2tlci5wa2cuZGV2L2hhcHB5YmFieS02ZGU0Mi9nY2YtYXJ0aWZhY3RzL2hhcHB5YmFieS0tNmRlNDJfX2FzaWEtLW5vcnRoZWFzdDNfX2JlZHRpbWVfcmVtaW5kZXI6dmVyc2lvbl8xGO+yoOylHyJMcHJvamVjdHMvaGFwcHliYWJ5LTZkZTQyL2xvY2F0aW9ucy9hc2lhLW5vcnRoZWFzdDMvZnVuY3Rpb25zL2JlZHRpbWVSZW1pbmRlcioMCIT+ntQGEMiklZYCMghub2RlanMyMjp6CiNnY3IuaW8vZ2FlLXJ1bnRpbWVzL25vZGVqczIyOnN0YWJsZRJTYXNpYS1ub3J0aGVhc3QzLWRvY2tlci5wa2cuZGV2L3NlcnZlcmxlc3MtcnVudGltZXMvZ29vZ2xlLTIyLWZ1bGwvcnVudGltZXMvbm9kZWpzMjJAAQ== for region asia-northeast3
[debug] [2026-08-21T02:59:16.885Z] [update-default-us-central1-kakaoCustomAuth] Retrying task index 0
[debug] [2026-08-21T02:59:16.885Z] Checked if tokens are valid: true, expires at: 1787284079594
[debug] [2026-08-21T02:59:16.885Z] Checked if tokens are valid: true, expires at: 1787284079594
[debug] [2026-08-21T02:59:16.885Z] >>> [apiv2][query] GET https://cloudfunctions.googleapis.com/v2/projects/happybaby-6de42/locations/us-central1/operations/operation-1787281102560-65985cf3b5c1d-37e6023f-fa012597 [none]
[debug] [2026-08-21T02:59:18.071Z] <<< [apiv2][status] GET https://cloudfunctions.googleapis.com/v2/projects/happybaby-6de42/locations/us-central1/operations/operation-1787281102560-65985cf3b5c1d-37e6023f-fa012597 200
[debug] [2026-08-21T02:59:18.071Z] <<< [apiv2][body] GET https://cloudfunctions.googleapis.com/v2/projects/happybaby-6de42/locations/us-central1/operations/operation-1787281102560-65985cf3b5c1d-37e6023f-fa012597 {"name":"projects/happybaby-6de42/locations/us-central1/operations/operation-1787281102560-65985cf3b5c1d-37e6023f-fa012597","metadata":{"@type":"type.googleapis.com/google.cloud.functions.v2.OperationMetadata","createTime":"2026-08-21T02:58:24.347844844Z","target":"projects/happybaby-6de42/locations/us-central1/functions/kakaoCustomAuth","verb":"update","cancelRequested":false,"apiVersion":"v2","requestResource":{"@type":"type.googleapis.com/google.cloud.functions.v2.Function","name":"projects/happybaby-6de42/locations/us-central1/functions/kakaoCustomAuth","buildConfig":{"runtime":"nodejs22","entryPoint":"kakaoCustomAuth","source":{"storageSource":{"bucket":"gcf-v2-sources-1075311024495-us-central1","object":"kakaoCustomAuth/function-source.zip","generation":"1787281104287540"}},"environmentVariables":{"GOOGLE_NODE_RUN_SCRIPTS":""},"dockerRepository":"projects/happybaby-6de42/locations/us-central1/repositories/gcf-artifacts","sourceProvenance":{"resolvedStorageSource":{"bucket":"gcf-v2-sources-1075311024495-us-central1","object":"kakaoCustomAuth/function-source.zip","generation":"1787280512156483"}},"dockerRegistry":"ARTIFACT_REGISTRY","serviceAccount":"projects/happybaby-6de42/serviceAccounts/1075311024495-compute@developer.gserviceaccount.com","automaticUpdatePolicy":{}},"serviceConfig":{"service":"projects/happybaby-6de42/locations/us-central1/services/kakaocustomauth","timeoutSeconds":60,"environmentVariables":{"FIREBASE_CONFIG":"{\"projectId\":\"happybaby-6de42\",\"storageBucket\":\"happybaby-6de42.firebasestorage.app\"}","GCLOUD_PROJECT":"happybaby-6de42","EVENTARC_CLOUD_EVENT_SOURCE":"projects/happybaby-6de42/locations/us-central1/services/kakaoCustomAuth","FUNCTION_REGION":"us-central1","FUNCTION_TARGET":"kakaoCustomAuth","LOG_EXECUTION_ID":"true"},"maxInstanceCount":10,"ingressSettings":"ALLOW_ALL","uri":"https://kakaocustomauth-w4of67zzlq-uc.a.run.app","serviceAccountEmail":"1075311024495-compute@developer.gserviceaccount.com","availableMemory":"256Mi","allTrafficOnLatestRevision":true,"revision":"kakaocustomauth-00002-kaz","maxInstanceRequestConcurrency":80,"availableCpu":"1"},"state":"ACTIVE","labels":{"deployment-tool":"cli-firebase","deployment-callable":"true","firebase-functions-hash":"4225db788bbfaa38bcc916ac672a58e67fb28878"},"environment":"GEN_2","url":"https://us-central1-happybaby-6de42.cloudfunctions.net/kakaoCustomAuth","satisfiesPzi":true},"stages":[{"name":"BUILD","message":"Build finished","state":"COMPLETE","resource":"projects/1075311024495/locations/us-central1/builds/3aea85d5-c457-4f74-b578-9c1af640fe9e","resourceUri":"https://console.cloud.google.com/cloud-build/builds;region=us-central1/3aea85d5-c457-4f74-b578-9c1af640fe9e?project=1075311024495"},{"name":"SERVICE","message":"Updating Cloud Run service","state":"IN_PROGRESS","resource":"projects/happybaby-6de42/locations/us-central1/services/kakaocustomauth","resourceUri":"https://console.cloud.google.com/run/detail/us-central1/kakaocustomauth?project=happybaby-6de42","stateMessages":[{"severity":"INFO","type":"CloudRunServiceNewRevisionTrafficInfo","message":"A new revision will be deployed serving with 100% traffic."}]}],"sourceToken":"Clhwcm9qZWN0cy8xMDc1MzExMDI0NDk1L2xvY2F0aW9ucy91cy1jZW50cmFsMS9idWlsZHMvM2FlYTg1ZDUtYzQ1Ny00Zjc0LWI1NzgtOWMxYWY2NDBmZTllEnR1cy1jZW50cmFsMS1kb2NrZXIucGtnLmRldi9oYXBweWJhYnktNmRlNDIvZ2NmLWFydGlmYWN0cy9oYXBweWJhYnktLTZkZTQyX191cy0tY2VudHJhbDFfX2tha2FvX2N1c3RvbV9hdXRoOnZlcnNpb25fMRjvsqDspR8iSHByb2plY3RzL2hhcHB5YmFieS02ZGU0Mi9sb2NhdGlvbnMvdXMtY2VudHJhbDEvZnVuY3Rpb25zL2tha2FvQ3VzdG9tQXV0aCoMCP/9ntQGEJiT0IYCMghub2RlanMyMjp2CiNnY3IuaW8vZ2FlLXJ1bnRpbWVzL25vZGVqczIyOnN0YWJsZRJPdXMtY2VudHJhbDEtZG9ja2VyLnBrZy5kZXYvc2VydmVybGVzcy1ydW50aW1lcy9nb29nbGUtMjItZnVsbC9ydW50aW1lcy9ub2RlanMyMkAB","operationType":"UPDATE_FUNCTION","buildName":"projects/1075311024495/locations/us-central1/builds/3aea85d5-c457-4f74-b578-9c1af640fe9e"},"done":false}
[debug] [2026-08-21T02:59:18.071Z] Got source token Clhwcm9qZWN0cy8xMDc1MzExMDI0NDk1L2xvY2F0aW9ucy91cy1jZW50cmFsMS9idWlsZHMvM2FlYTg1ZDUtYzQ1Ny00Zjc0LWI1NzgtOWMxYWY2NDBmZTllEnR1cy1jZW50cmFsMS1kb2NrZXIucGtnLmRldi9oYXBweWJhYnktNmRlNDIvZ2NmLWFydGlmYWN0cy9oYXBweWJhYnktLTZkZTQyX191cy0tY2VudHJhbDFfX2tha2FvX2N1c3RvbV9hdXRoOnZlcnNpb25fMRjvsqDspR8iSHByb2plY3RzL2hhcHB5YmFieS02ZGU0Mi9sb2NhdGlvbnMvdXMtY2VudHJhbDEvZnVuY3Rpb25zL2tha2FvQ3VzdG9tQXV0aCoMCP/9ntQGEJiT0IYCMghub2RlanMyMjp2CiNnY3IuaW8vZ2FlLXJ1bnRpbWVzL25vZGVqczIyOnN0YWJsZRJPdXMtY2VudHJhbDEtZG9ja2VyLnBrZy5kZXYvc2VydmVybGVzcy1ydW50aW1lcy9nb29nbGUtMjItZnVsbC9ydW50aW1lcy9ub2RlanMyMkAB for region us-central1
[debug] [2026-08-21T02:59:25.096Z] [update-default-asia-northeast3-deleteUserAccount] Retrying task index 0
[debug] [2026-08-21T02:59:25.096Z] Checked if tokens are valid: true, expires at: 1787284079594
[debug] [2026-08-21T02:59:25.096Z] Checked if tokens are valid: true, expires at: 1787284079594
[debug] [2026-08-21T02:59:25.096Z] >>> [apiv2][query] GET https://cloudfunctions.googleapis.com/v2/projects/happybaby-6de42/locations/asia-northeast3/operations/operation-1787281117979-65985d026a4a3-a2817241-9e98c370 [none]
[debug] [2026-08-21T02:59:25.233Z] [update-default-asia-northeast3-sendFamilyPush] Retrying task index 0
[debug] [2026-08-21T02:59:25.233Z] Checked if tokens are valid: true, expires at: 1787284079594
[debug] [2026-08-21T02:59:25.233Z] Checked if tokens are valid: true, expires at: 1787284079594
[debug] [2026-08-21T02:59:25.233Z] >>> [apiv2][query] GET https://cloudfunctions.googleapis.com/v2/projects/happybaby-6de42/locations/asia-northeast3/operations/operation-1787281118143-65985d0292256-f84610a5-1fb31848 [none]
[debug] [2026-08-21T02:59:25.263Z] [update-default-asia-northeast3-bedtimeReminder] Retrying task index 0
[debug] [2026-08-21T02:59:25.263Z] Checked if tokens are valid: true, expires at: 1787284079594
[debug] [2026-08-21T02:59:25.263Z] Checked if tokens are valid: true, expires at: 1787284079594
[debug] [2026-08-21T02:59:25.263Z] >>> [apiv2][query] GET https://cloudfunctions.googleapis.com/v2/projects/happybaby-6de42/locations/asia-northeast3/operations/operation-1787281118144-65985d02926dc-600e9b7f-04b9a5eb [none]
[debug] [2026-08-21T02:59:25.407Z] <<< [apiv2][status] GET https://cloudfunctions.googleapis.com/v2/projects/happybaby-6de42/locations/asia-northeast3/operations/operation-1787281118144-65985d02926dc-600e9b7f-04b9a5eb 200
[debug] [2026-08-21T02:59:25.408Z] <<< [apiv2][body] GET https://cloudfunctions.googleapis.com/v2/projects/happybaby-6de42/locations/asia-northeast3/operations/operation-1787281118144-65985d02926dc-600e9b7f-04b9a5eb {"name":"projects/happybaby-6de42/locations/asia-northeast3/operations/operation-1787281118144-65985d02926dc-600e9b7f-04b9a5eb","metadata":{"@type":"type.googleapis.com/google.cloud.functions.v2.OperationMetadata","createTime":"2026-08-21T02:58:39.740175822Z","endTime":"2026-08-21T02:59:25.669916119Z","target":"projects/happybaby-6de42/locations/asia-northeast3/functions/bedtimeReminder","verb":"update","cancelRequested":false,"apiVersion":"v2","requestResource":{"@type":"type.googleapis.com/google.cloud.functions.v2.Function","name":"projects/happybaby-6de42/locations/asia-northeast3/functions/bedtimeReminder","buildConfig":{"runtime":"nodejs22","entryPoint":"bedtimeReminder","source":{"storageSource":{"bucket":"gcf-v2-sources-1075311024495-asia-northeast3","object":"bedtimeReminder/function-source.zip","generation":"1787281119704782"}},"environmentVariables":{"GOOGLE_NODE_RUN_SCRIPTS":""},"dockerRepository":"projects/happybaby-6de42/locations/asia-northeast3/repositories/gcf-artifacts","sourceProvenance":{"resolvedStorageSource":{"bucket":"gcf-v2-sources-1075311024495-asia-northeast3","object":"bedtimeReminder/function-source.zip","generation":"1787280511157272"}},"dockerRegistry":"ARTIFACT_REGISTRY","serviceAccount":"projects/happybaby-6de42/serviceAccounts/1075311024495-compute@developer.gserviceaccount.com","automaticUpdatePolicy":{}},"serviceConfig":{"service":"projects/happybaby-6de42/locations/asia-northeast3/services/bedtimereminder","timeoutSeconds":60,"environmentVariables":{"FIREBASE_CONFIG":"{\"projectId\":\"happybaby-6de42\",\"storageBucket\":\"happybaby-6de42.firebasestorage.app\"}","GCLOUD_PROJECT":"happybaby-6de42","EVENTARC_CLOUD_EVENT_SOURCE":"projects/happybaby-6de42/locations/asia-northeast3/services/bedtimeReminder","FUNCTION_REGION":"asia-northeast3","FUNCTION_TARGET":"bedtimeReminder","LOG_EXECUTION_ID":"true"},"maxInstanceCount":2,"ingressSettings":"ALLOW_ALL","uri":"https://bedtimereminder-w4of67zzlq-du.a.run.app","serviceAccountEmail":"1075311024495-compute@developer.gserviceaccount.com","availableMemory":"256Mi","allTrafficOnLatestRevision":true,"revision":"bedtimereminder-00001-gim","maxInstanceRequestConcurrency":80,"availableCpu":"1"},"state":"ACTIVE","labels":{"deployment-tool":"cli-firebase","deployment-scheduled":"true","firebase-functions-hash":"4225db788bbfaa38bcc916ac672a58e67fb28878"},"environment":"GEN_2","url":"https://asia-northeast3-happybaby-6de42.cloudfunctions.net/bedtimeReminder","satisfiesPzs":true,"satisfiesPzi":true},"stages":[{"name":"BUILD","message":"Build finished","state":"COMPLETE","resource":"projects/1075311024495/locations/asia-northeast3/builds/56e506ac-b9cb-4a80-983d-20ce150f54c8","resourceUri":"https://console.cloud.google.com/cloud-build/builds;region=asia-northeast3/56e506ac-b9cb-4a80-983d-20ce150f54c8?project=1075311024495"},{"name":"SERVICE","message":"Updating Cloud Run service","state":"COMPLETE","resource":"projects/happybaby-6de42/locations/asia-northeast3/services/bedtimereminder","resourceUri":"https://console.cloud.google.com/run/detail/asia-northeast3/bedtimereminder?project=happybaby-6de42","stateMessages":[{"severity":"INFO","type":"CloudRunServiceNewRevisionTrafficInfo","message":"A new revision will be deployed serving with 100% traffic."}]}],"sourceToken":"Clxwcm9qZWN0cy8xMDc1MzExMDI0NDk1L2xvY2F0aW9ucy9hc2lhLW5vcnRoZWFzdDMvYnVpbGRzLzU2ZTUwNmFjLWI5Y2ItNGE4MC05ODNkLTIwY2UxNTBmNTRjOBJ7YXNpYS1ub3J0aGVhc3QzLWRvY2tlci5wa2cuZGV2L2hhcHB5YmFieS02ZGU0Mi9nY2YtYXJ0aWZhY3RzL2hhcHB5YmFieS0tNmRlNDJfX2FzaWEtLW5vcnRoZWFzdDNfX2JlZHRpbWVfcmVtaW5kZXI6dmVyc2lvbl8xGO+yoOylHyJMcHJvamVjdHMvaGFwcHliYWJ5LTZkZTQyL2xvY2F0aW9ucy9hc2lhLW5vcnRoZWFzdDMvZnVuY3Rpb25zL2JlZHRpbWVSZW1pbmRlcioMCIT+ntQGEMiklZYCMghub2RlanMyMjp6CiNnY3IuaW8vZ2FlLXJ1bnRpbWVzL25vZGVqczIyOnN0YWJsZRJTYXNpYS1ub3J0aGVhc3QzLWRvY2tlci5wa2cuZGV2L3NlcnZlcmxlc3MtcnVudGltZXMvZ29vZ2xlLTIyLWZ1bGwvcnVudGltZXMvbm9kZWpzMjJAAQ==","operationType":"UPDATE_FUNCTION","buildName":"projects/1075311024495/locations/asia-northeast3/builds/56e506ac-b9cb-4a80-983d-20ce150f54c8"},"done":true,"response":{"@type":"type.googleapis.com/google.cloud.functions.v2.Function","name":"projects/happybaby-6de42/locations/asia-northeast3/functions/bedtimeReminder","buildConfig":{"build":"projects/1075311024495/locations/asia-northeast3/builds/56e506ac-b9cb-4a80-983d-20ce150f54c8","runtime":"nodejs22","entryPoint":"bedtimeReminder","source":{"storageSource":{"bucket":"gcf-v2-sources-1075311024495-asia-northeast3","object":"bedtimeReminder/function-source.zip","generation":"1787281119704782"}},"environmentVariables":{"GOOGLE_NODE_RUN_SCRIPTS":""},"dockerRepository":"projects/happybaby-6de42/locations/asia-northeast3/repositories/gcf-artifacts","sourceProvenance":{"resolvedStorageSource":{"bucket":"gcf-v2-sources-1075311024495-asia-northeast3","object":"bedtimeReminder/function-source.zip","generation":"1787281119704782"}},"dockerRegistry":"ARTIFACT_REGISTRY","serviceAccount":"projects/happybaby-6de42/serviceAccounts/1075311024495-compute@developer.gserviceaccount.com","automaticUpdatePolicy":{}},"serviceConfig":{"service":"projects/happybaby-6de42/locations/asia-northeast3/services/bedtimereminder","timeoutSeconds":60,"environmentVariables":{"FIREBASE_CONFIG":"{\"projectId\":\"happybaby-6de42\",\"storageBucket\":\"happybaby-6de42.firebasestorage.app\"}","GCLOUD_PROJECT":"happybaby-6de42","EVENTARC_CLOUD_EVENT_SOURCE":"projects/happybaby-6de42/locations/asia-northeast3/services/bedtimeReminder","FUNCTION_REGION":"asia-northeast3","FUNCTION_TARGET":"bedtimeReminder","LOG_EXECUTION_ID":"true"},"maxInstanceCount":2,"ingressSettings":"ALLOW_ALL","uri":"https://bedtimereminder-w4of67zzlq-du.a.run.app","serviceAccountEmail":"1075311024495-compute@developer.gserviceaccount.com","availableMemory":"256Mi","allTrafficOnLatestRevision":true,"revision":"bedtimereminder-00002-pak","maxInstanceRequestConcurrency":80,"availableCpu":"1"},"state":"ACTIVE","updateTime":"2026-08-21T02:58:39.741199612Z","labels":{"firebase-functions-hash":"4225db788bbfaa38bcc916ac672a58e67fb28878","deployment-tool":"cli-firebase","deployment-scheduled":"true"},"environment":"GEN_2","url":"https://asia-northeast3-happybaby-6de42.cloudfunctions.net/bedtimeReminder","satisfiesPzs":true,"createTime":"2026-08-21T02:48:31.681922298Z","satisfiesPzi":true}}
[debug] [2026-08-21T02:59:25.408Z] Got source token Clxwcm9qZWN0cy8xMDc1MzExMDI0NDk1L2xvY2F0aW9ucy9hc2lhLW5vcnRoZWFzdDMvYnVpbGRzLzU2ZTUwNmFjLWI5Y2ItNGE4MC05ODNkLTIwY2UxNTBmNTRjOBJ7YXNpYS1ub3J0aGVhc3QzLWRvY2tlci5wa2cuZGV2L2hhcHB5YmFieS02ZGU0Mi9nY2YtYXJ0aWZhY3RzL2hhcHB5YmFieS0tNmRlNDJfX2FzaWEtLW5vcnRoZWFzdDNfX2JlZHRpbWVfcmVtaW5kZXI6dmVyc2lvbl8xGO+yoOylHyJMcHJvamVjdHMvaGFwcHliYWJ5LTZkZTQyL2xvY2F0aW9ucy9hc2lhLW5vcnRoZWFzdDMvZnVuY3Rpb25zL2JlZHRpbWVSZW1pbmRlcioMCIT+ntQGEMiklZYCMghub2RlanMyMjp6CiNnY3IuaW8vZ2FlLXJ1bnRpbWVzL25vZGVqczIyOnN0YWJsZRJTYXNpYS1ub3J0aGVhc3QzLWRvY2tlci5wa2cuZGV2L3NlcnZlcmxlc3MtcnVudGltZXMvZ29vZ2xlLTIyLWZ1bGwvcnVudGltZXMvbm9kZWpzMjJAAQ== for region asia-northeast3
[debug] [2026-08-21T02:59:25.408Z] Checked if tokens are valid: true, expires at: 1787284079594
[debug] [2026-08-21T02:59:25.408Z] Checked if tokens are valid: true, expires at: 1787284079594
[debug] [2026-08-21T02:59:25.408Z] >>> [apiv2][query] GET https://compute.googleapis.com/compute/v1/projects/1075311024495 [none]
[debug] [2026-08-21T02:59:25.411Z] <<< [apiv2][status] GET https://cloudfunctions.googleapis.com/v2/projects/happybaby-6de42/locations/asia-northeast3/operations/operation-1787281118143-65985d0292256-f84610a5-1fb31848 200
[debug] [2026-08-21T02:59:25.411Z] <<< [apiv2][body] GET https://cloudfunctions.googleapis.com/v2/projects/happybaby-6de42/locations/asia-northeast3/operations/operation-1787281118143-65985d0292256-f84610a5-1fb31848 {"name":"projects/happybaby-6de42/locations/asia-northeast3/operations/operation-1787281118143-65985d0292256-f84610a5-1fb31848","metadata":{"@type":"type.googleapis.com/google.cloud.functions.v2.OperationMetadata","createTime":"2026-08-21T02:58:39.632114335Z","endTime":"2026-08-21T02:59:25.932007712Z","target":"projects/happybaby-6de42/locations/asia-northeast3/functions/sendFamilyPush","verb":"update","cancelRequested":false,"apiVersion":"v2","requestResource":{"@type":"type.googleapis.com/google.cloud.functions.v2.Function","name":"projects/happybaby-6de42/locations/asia-northeast3/functions/sendFamilyPush","buildConfig":{"runtime":"nodejs22","entryPoint":"sendFamilyPush","source":{"storageSource":{"bucket":"gcf-v2-sources-1075311024495-asia-northeast3","object":"sendFamilyPush/function-source.zip","generation":"1787281119597945"}},"environmentVariables":{"GOOGLE_NODE_RUN_SCRIPTS":""},"dockerRepository":"projects/happybaby-6de42/locations/asia-northeast3/repositories/gcf-artifacts","sourceProvenance":{"resolvedStorageSource":{"bucket":"gcf-v2-sources-1075311024495-asia-northeast3","object":"sendFamilyPush/function-source.zip","generation":"1787280561236704"}},"dockerRegistry":"ARTIFACT_REGISTRY","serviceAccount":"projects/happybaby-6de42/serviceAccounts/1075311024495-compute@developer.gserviceaccount.com","automaticUpdatePolicy":{}},"serviceConfig":{"service":"projects/happybaby-6de42/locations/asia-northeast3/services/sendfamilypush","timeoutSeconds":60,"environmentVariables":{"FIREBASE_CONFIG":"{\"projectId\":\"happybaby-6de42\",\"storageBucket\":\"happybaby-6de42.firebasestorage.app\"}","GCLOUD_PROJECT":"happybaby-6de42","EVENTARC_CLOUD_EVENT_SOURCE":"projects/happybaby-6de42/locations/asia-northeast3/services/sendFamilyPush","FUNCTION_REGION":"asia-northeast3","FUNCTION_TARGET":"sendFamilyPush","LOG_EXECUTION_ID":"true","FUNCTION_SIGNATURE_TYPE":"http"},"maxInstanceCount":10,"ingressSettings":"ALLOW_ALL","uri":"https://sendfamilypush-w4of67zzlq-du.a.run.app","serviceAccountEmail":"1075311024495-compute@developer.gserviceaccount.com","availableMemory":"256Mi","allTrafficOnLatestRevision":true,"revision":"sendfamilypush-00002-buv","maxInstanceRequestConcurrency":80,"availableCpu":"1"},"state":"ACTIVE","labels":{"deployment-tool":"cli-firebase","deployment-callable":"true","firebase-functions-hash":"4225db788bbfaa38bcc916ac672a58e67fb28878"},"environment":"GEN_2","url":"https://asia-northeast3-happybaby-6de42.cloudfunctions.net/sendFamilyPush","satisfiesPzs":true,"satisfiesPzi":true},"stages":[{"name":"BUILD","message":"Build finished","state":"COMPLETE","resource":"projects/1075311024495/locations/asia-northeast3/builds/11159536-af8d-4f44-898d-a4671df9808b","resourceUri":"https://console.cloud.google.com/cloud-build/builds;region=asia-northeast3/11159536-af8d-4f44-898d-a4671df9808b?project=1075311024495"},{"name":"SERVICE","message":"Updating Cloud Run service","state":"COMPLETE","resource":"projects/happybaby-6de42/locations/asia-northeast3/services/sendfamilypush","resourceUri":"https://console.cloud.google.com/run/detail/asia-northeast3/sendfamilypush?project=happybaby-6de42","stateMessages":[{"severity":"INFO","type":"CloudRunServiceNewRevisionTrafficInfo","message":"A new revision will be deployed serving with 100% traffic."}]}],"sourceToken":"Clxwcm9qZWN0cy8xMDc1MzExMDI0NDk1L2xvY2F0aW9ucy9hc2lhLW5vcnRoZWFzdDMvYnVpbGRzLzExMTU5NTM2LWFmOGQtNGY0NC04OThkLWE0NjcxZGY5ODA4YhJ7YXNpYS1ub3J0aGVhc3QzLWRvY2tlci5wa2cuZGV2L2hhcHB5YmFieS02ZGU0Mi9nY2YtYXJ0aWZhY3RzL2hhcHB5YmFieS0tNmRlNDJfX2FzaWEtLW5vcnRoZWFzdDNfX3NlbmRfZmFtaWx5X3B1c2g6dmVyc2lvbl8xGO+yoOylHyJLcHJvamVjdHMvaGFwcHliYWJ5LTZkZTQyL2xvY2F0aW9ucy9hc2lhLW5vcnRoZWFzdDMvZnVuY3Rpb25zL3NlbmRGYW1pbHlQdXNoKgwIhf6e1AYQuK2ksQIyCG5vZGVqczIyOnoKI2djci5pby9nYWUtcnVudGltZXMvbm9kZWpzMjI6c3RhYmxlElNhc2lhLW5vcnRoZWFzdDMtZG9ja2VyLnBrZy5kZXYvc2VydmVybGVzcy1ydW50aW1lcy9nb29nbGUtMjItZnVsbC9ydW50aW1lcy9ub2RlanMyMkAB","operationType":"UPDATE_FUNCTION","buildName":"projects/1075311024495/locations/asia-northeast3/builds/11159536-af8d-4f44-898d-a4671df9808b"},"done":true,"response":{"@type":"type.googleapis.com/google.cloud.functions.v2.Function","name":"projects/happybaby-6de42/locations/asia-northeast3/functions/sendFamilyPush","buildConfig":{"build":"projects/1075311024495/locations/asia-northeast3/builds/11159536-af8d-4f44-898d-a4671df9808b","runtime":"nodejs22","entryPoint":"sendFamilyPush","source":{"storageSource":{"bucket":"gcf-v2-sources-1075311024495-asia-northeast3","object":"sendFamilyPush/function-source.zip","generation":"1787281119597945"}},"environmentVariables":{"GOOGLE_NODE_RUN_SCRIPTS":""},"dockerRepository":"projects/happybaby-6de42/locations/asia-northeast3/repositories/gcf-artifacts","sourceProvenance":{"resolvedStorageSource":{"bucket":"gcf-v2-sources-1075311024495-asia-northeast3","object":"sendFamilyPush/function-source.zip","generation":"1787281119597945"}},"dockerRegistry":"ARTIFACT_REGISTRY","serviceAccount":"projects/happybaby-6de42/serviceAccounts/1075311024495-compute@developer.gserviceaccount.com","automaticUpdatePolicy":{}},"serviceConfig":{"service":"projects/happybaby-6de42/locations/asia-northeast3/services/sendfamilypush","timeoutSeconds":60,"environmentVariables":{"FIREBASE_CONFIG":"{\"projectId\":\"happybaby-6de42\",\"storageBucket\":\"happybaby-6de42.firebasestorage.app\"}","GCLOUD_PROJECT":"happybaby-6de42","EVENTARC_CLOUD_EVENT_SOURCE":"projects/happybaby-6de42/locations/asia-northeast3/services/sendFamilyPush","FUNCTION_REGION":"asia-northeast3","FUNCTION_TARGET":"sendFamilyPush","LOG_EXECUTION_ID":"true","FUNCTION_SIGNATURE_TYPE":"http"},"maxInstanceCount":10,"ingressSettings":"ALLOW_ALL","uri":"https://sendfamilypush-w4of67zzlq-du.a.run.app","serviceAccountEmail":"1075311024495-compute@developer.gserviceaccount.com","availableMemory":"256Mi","allTrafficOnLatestRevision":true,"revision":"sendfamilypush-00003-tij","maxInstanceRequestConcurrency":80,"availableCpu":"1"},"state":"ACTIVE","updateTime":"2026-08-21T02:58:39.633501905Z","labels":{"deployment-tool":"cli-firebase","deployment-callable":"true","firebase-functions-hash":"4225db788bbfaa38bcc916ac672a58e67fb28878"},"environment":"GEN_2","url":"https://asia-northeast3-happybaby-6de42.cloudfunctions.net/sendFamilyPush","satisfiesPzs":true,"createTime":"2026-08-20T14:10:07.385671919Z","satisfiesPzi":true}}
[debug] [2026-08-21T02:59:25.411Z] Got source token Clxwcm9qZWN0cy8xMDc1MzExMDI0NDk1L2xvY2F0aW9ucy9hc2lhLW5vcnRoZWFzdDMvYnVpbGRzLzExMTU5NTM2LWFmOGQtNGY0NC04OThkLWE0NjcxZGY5ODA4YhJ7YXNpYS1ub3J0aGVhc3QzLWRvY2tlci5wa2cuZGV2L2hhcHB5YmFieS02ZGU0Mi9nY2YtYXJ0aWZhY3RzL2hhcHB5YmFieS0tNmRlNDJfX2FzaWEtLW5vcnRoZWFzdDNfX3NlbmRfZmFtaWx5X3B1c2g6dmVyc2lvbl8xGO+yoOylHyJLcHJvamVjdHMvaGFwcHliYWJ5LTZkZTQyL2xvY2F0aW9ucy9hc2lhLW5vcnRoZWFzdDMvZnVuY3Rpb25zL3NlbmRGYW1pbHlQdXNoKgwIhf6e1AYQuK2ksQIyCG5vZGVqczIyOnoKI2djci5pby9nYWUtcnVudGltZXMvbm9kZWpzMjI6c3RhYmxlElNhc2lhLW5vcnRoZWFzdDMtZG9ja2VyLnBrZy5kZXYvc2VydmVybGVzcy1ydW50aW1lcy9nb29nbGUtMjItZnVsbC9ydW50aW1lcy9ub2RlanMyMkAB for region asia-northeast3
[info] +  functions[sendFamilyPush(asia-northeast3)] Successful update operation. 
[debug] [2026-08-21T02:59:25.463Z] <<< [apiv2][status] GET https://cloudfunctions.googleapis.com/v2/projects/happybaby-6de42/locations/asia-northeast3/operations/operation-1787281117979-65985d026a4a3-a2817241-9e98c370 200
[debug] [2026-08-21T02:59:25.463Z] <<< [apiv2][body] GET https://cloudfunctions.googleapis.com/v2/projects/happybaby-6de42/locations/asia-northeast3/operations/operation-1787281117979-65985d026a4a3-a2817241-9e98c370 {"name":"projects/happybaby-6de42/locations/asia-northeast3/operations/operation-1787281117979-65985d026a4a3-a2817241-9e98c370","metadata":{"@type":"type.googleapis.com/google.cloud.functions.v2.OperationMetadata","createTime":"2026-08-21T02:58:39.505536270Z","endTime":"2026-08-21T02:59:22.146459443Z","target":"projects/happybaby-6de42/locations/asia-northeast3/functions/deleteUserAccount","verb":"update","cancelRequested":false,"apiVersion":"v2","requestResource":{"@type":"type.googleapis.com/google.cloud.functions.v2.Function","name":"projects/happybaby-6de42/locations/asia-northeast3/functions/deleteUserAccount","buildConfig":{"runtime":"nodejs22","entryPoint":"deleteUserAccount","source":{"storageSource":{"bucket":"gcf-v2-sources-1075311024495-asia-northeast3","object":"deleteUserAccount/function-source.zip","generation":"1787281119468900"}},"environmentVariables":{"GOOGLE_NODE_RUN_SCRIPTS":""},"dockerRepository":"projects/happybaby-6de42/locations/asia-northeast3/repositories/gcf-artifacts","sourceProvenance":{"resolvedStorageSource":{"bucket":"gcf-v2-sources-1075311024495-asia-northeast3","object":"deleteUserAccount/function-source.zip","generation":"1787280561638415"}},"dockerRegistry":"ARTIFACT_REGISTRY","serviceAccount":"projects/happybaby-6de42/serviceAccounts/1075311024495-compute@developer.gserviceaccount.com","automaticUpdatePolicy":{}},"serviceConfig":{"service":"projects/happybaby-6de42/locations/asia-northeast3/services/deleteuseraccount","timeoutSeconds":60,"environmentVariables":{"FIREBASE_CONFIG":"{\"projectId\":\"happybaby-6de42\",\"storageBucket\":\"happybaby-6de42.firebasestorage.app\"}","GCLOUD_PROJECT":"happybaby-6de42","EVENTARC_CLOUD_EVENT_SOURCE":"projects/happybaby-6de42/locations/asia-northeast3/services/deleteUserAccount","FUNCTION_REGION":"asia-northeast3","FUNCTION_TARGET":"deleteUserAccount","LOG_EXECUTION_ID":"true","FUNCTION_SIGNATURE_TYPE":"http"},"maxInstanceCount":10,"ingressSettings":"ALLOW_ALL","uri":"https://deleteuseraccount-w4of67zzlq-du.a.run.app","serviceAccountEmail":"1075311024495-compute@developer.gserviceaccount.com","availableMemory":"256Mi","allTrafficOnLatestRevision":true,"revision":"deleteuseraccount-00002-cax","maxInstanceRequestConcurrency":80,"availableCpu":"1"},"state":"ACTIVE","labels":{"deployment-tool":"cli-firebase","deployment-callable":"true","firebase-functions-hash":"4225db788bbfaa38bcc916ac672a58e67fb28878"},"environment":"GEN_2","url":"https://asia-northeast3-happybaby-6de42.cloudfunctions.net/deleteUserAccount","satisfiesPzs":true,"satisfiesPzi":true},"stages":[{"name":"BUILD","message":"Build finished","state":"COMPLETE","resource":"projects/1075311024495/locations/asia-northeast3/builds/7a38a3b5-5532-499d-a34b-c232adee202b","resourceUri":"https://console.cloud.google.com/cloud-build/builds;region=asia-northeast3/7a38a3b5-5532-499d-a34b-c232adee202b?project=1075311024495"},{"name":"SERVICE","message":"Updating Cloud Run service","state":"COMPLETE","resource":"projects/happybaby-6de42/locations/asia-northeast3/services/deleteuseraccount","resourceUri":"https://console.cloud.google.com/run/detail/asia-northeast3/deleteuseraccount?project=happybaby-6de42","stateMessages":[{"severity":"INFO","type":"CloudRunServiceNewRevisionTrafficInfo","message":"A new revision will be deployed serving with 100% traffic."}]}],"sourceToken":"Clxwcm9qZWN0cy8xMDc1MzExMDI0NDk1L2xvY2F0aW9ucy9hc2lhLW5vcnRoZWFzdDMvYnVpbGRzLzdhMzhhM2I1LTU1MzItNDk5ZC1hMzRiLWMyMzJhZGVlMjAyYhJ+YXNpYS1ub3J0aGVhc3QzLWRvY2tlci5wa2cuZGV2L2hhcHB5YmFieS02ZGU0Mi9nY2YtYXJ0aWZhY3RzL2hhcHB5YmFieS0tNmRlNDJfX2FzaWEtLW5vcnRoZWFzdDNfX2RlbGV0ZV91c2VyX2FjY291bnQ6dmVyc2lvbl8xGO+yoOylHyJOcHJvamVjdHMvaGFwcHliYWJ5LTZkZTQyL2xvY2F0aW9ucy9hc2lhLW5vcnRoZWFzdDMvZnVuY3Rpb25zL2RlbGV0ZVVzZXJBY2NvdW50KgwIgf6e1AYQiLeN5gEyCG5vZGVqczIyOnoKI2djci5pby9nYWUtcnVudGltZXMvbm9kZWpzMjI6c3RhYmxlElNhc2lhLW5vcnRoZWFzdDMtZG9ja2VyLnBrZy5kZXYvc2VydmVybGVzcy1ydW50aW1lcy9nb29nbGUtMjItZnVsbC9ydW50aW1lcy9ub2RlanMyMkAB","operationType":"UPDATE_FUNCTION","buildName":"projects/1075311024495/locations/asia-northeast3/builds/7a38a3b5-5532-499d-a34b-c232adee202b"},"done":true,"response":{"@type":"type.googleapis.com/google.cloud.functions.v2.Function","name":"projects/happybaby-6de42/locations/asia-northeast3/functions/deleteUserAccount","buildConfig":{"build":"projects/1075311024495/locations/asia-northeast3/builds/7a38a3b5-5532-499d-a34b-c232adee202b","runtime":"nodejs22","entryPoint":"deleteUserAccount","source":{"storageSource":{"bucket":"gcf-v2-sources-1075311024495-asia-northeast3","object":"deleteUserAccount/function-source.zip","generation":"1787281119468900"}},"environmentVariables":{"GOOGLE_NODE_RUN_SCRIPTS":""},"dockerRepository":"projects/happybaby-6de42/locations/asia-northeast3/repositories/gcf-artifacts","sourceProvenance":{"resolvedStorageSource":{"bucket":"gcf-v2-sources-1075311024495-asia-northeast3","object":"deleteUserAccount/function-source.zip","generation":"1787281119468900"}},"dockerRegistry":"ARTIFACT_REGISTRY","serviceAccount":"projects/happybaby-6de42/serviceAccounts/1075311024495-compute@developer.gserviceaccount.com","automaticUpdatePolicy":{}},"serviceConfig":{"service":"projects/happybaby-6de42/locations/asia-northeast3/services/deleteuseraccount","timeoutSeconds":60,"environmentVariables":{"FIREBASE_CONFIG":"{\"projectId\":\"happybaby-6de42\",\"storageBucket\":\"happybaby-6de42.firebasestorage.app\"}","GCLOUD_PROJECT":"happybaby-6de42","EVENTARC_CLOUD_EVENT_SOURCE":"projects/happybaby-6de42/locations/asia-northeast3/services/deleteUserAccount","FUNCTION_REGION":"asia-northeast3","FUNCTION_TARGET":"deleteUserAccount","LOG_EXECUTION_ID":"true","FUNCTION_SIGNATURE_TYPE":"http"},"maxInstanceCount":10,"ingressSettings":"ALLOW_ALL","uri":"https://deleteuseraccount-w4of67zzlq-du.a.run.app","serviceAccountEmail":"1075311024495-compute@developer.gserviceaccount.com","availableMemory":"256Mi","allTrafficOnLatestRevision":true,"revision":"deleteuseraccount-00003-jud","maxInstanceRequestConcurrency":80,"availableCpu":"1"},"state":"ACTIVE","updateTime":"2026-08-21T02:58:39.506781339Z","labels":{"deployment-callable":"true","firebase-functions-hash":"4225db788bbfaa38bcc916ac672a58e67fb28878","deployment-tool":"cli-firebase"},"environment":"GEN_2","url":"https://asia-northeast3-happybaby-6de42.cloudfunctions.net/deleteUserAccount","satisfiesPzs":true,"createTime":"2026-08-20T14:11:07.002669672Z","satisfiesPzi":true}}
[debug] [2026-08-21T02:59:25.463Z] Got source token Clxwcm9qZWN0cy8xMDc1MzExMDI0NDk1L2xvY2F0aW9ucy9hc2lhLW5vcnRoZWFzdDMvYnVpbGRzLzdhMzhhM2I1LTU1MzItNDk5ZC1hMzRiLWMyMzJhZGVlMjAyYhJ+YXNpYS1ub3J0aGVhc3QzLWRvY2tlci5wa2cuZGV2L2hhcHB5YmFieS02ZGU0Mi9nY2YtYXJ0aWZhY3RzL2hhcHB5YmFieS0tNmRlNDJfX2FzaWEtLW5vcnRoZWFzdDNfX2RlbGV0ZV91c2VyX2FjY291bnQ6dmVyc2lvbl8xGO+yoOylHyJOcHJvamVjdHMvaGFwcHliYWJ5LTZkZTQyL2xvY2F0aW9ucy9hc2lhLW5vcnRoZWFzdDMvZnVuY3Rpb25zL2RlbGV0ZVVzZXJBY2NvdW50KgwIgf6e1AYQiLeN5gEyCG5vZGVqczIyOnoKI2djci5pby9nYWUtcnVudGltZXMvbm9kZWpzMjI6c3RhYmxlElNhc2lhLW5vcnRoZWFzdDMtZG9ja2VyLnBrZy5kZXYvc2VydmVybGVzcy1ydW50aW1lcy9nb29nbGUtMjItZnVsbC9ydW50aW1lcy9ub2RlanMyMkAB for region asia-northeast3
[info] +  functions[deleteUserAccount(asia-northeast3)] Successful update operation. 
[debug] [2026-08-21T02:59:25.701Z] <<< [apiv2][status] GET https://compute.googleapis.com/compute/v1/projects/1075311024495 403
[debug] [2026-08-21T02:59:25.701Z] <<< [apiv2][body] GET https://compute.googleapis.com/compute/v1/projects/1075311024495 {"error":{"code":403,"message":"Compute Engine API has not been used in project 1075311024495 before or it is disabled. Enable it by visiting https://console.developers.google.com/apis/api/compute.googleapis.com/overview?project=1075311024495 then retry. If you enabled this API recently, wait a few minutes for the action to propagate to our systems and retry.","errors":[{"message":"Compute Engine API has not been used in project 1075311024495 before or it is disabled. Enable it by visiting https://console.developers.google.com/apis/api/compute.googleapis.com/overview?project=1075311024495 then retry. If you enabled this API recently, wait a few minutes for the action to propagate to our systems and retry.","domain":"usageLimits","reason":"accessNotConfigured","extendedHelp":"https://console.developers.google.com"}],"status":"PERMISSION_DENIED","details":[{"@type":"type.googleapis.com/google.rpc.ErrorInfo","reason":"SERVICE_DISABLED","domain":"googleapis.com","metadata":{"activationUrl":"https://console.developers.google.com/apis/api/compute.googleapis.com/overview?project=1075311024495","consumer":"projects/1075311024495","serviceTitle":"Compute Engine API","containerInfo":"1075311024495","service":"compute.googleapis.com"}},{"@type":"type.googleapis.com/google.rpc.LocalizedMessage","locale":"en-US","message":"Compute Engine API has not been used in project 1075311024495 before or it is disabled. Enable it by visiting https://console.developers.google.com/apis/api/compute.googleapis.com/overview?project=1075311024495 then retry. If you enabled this API recently, wait a few minutes for the action to propagate to our systems and retry."},{"@type":"type.googleapis.com/google.rpc.Help","links":[{"description":"Google developers console API activation","url":"https://console.developers.google.com/apis/api/compute.googleapis.com/overview?project=1075311024495"}]}]}}
[debug] [2026-08-21T02:59:25.701Z] unable to look up default compute service account. Falling back to 1075311024495-compute@developer.gserviceaccount.com. Error: {"name":"FirebaseError","children":[],"context":{"body":{"error":{"code":403,"message":"Compute Engine API has not been used in project 1075311024495 before or it is disabled. Enable it by visiting https://console.developers.google.com/apis/api/compute.googleapis.com/overview?project=1075311024495 then retry. If you enabled this API recently, wait a few minutes for the action to propagate to our systems and retry.","errors":[{"message":"Compute Engine API has not been used in project 1075311024495 before or it is disabled. Enable it by visiting https://console.developers.google.com/apis/api/compute.googleapis.com/overview?project=1075311024495 then retry. If you enabled this API recently, wait a few minutes for the action to propagate to our systems and retry.","domain":"usageLimits","reason":"accessNotConfigured","extendedHelp":"https://console.developers.google.com"}],"status":"PERMISSION_DENIED","details":[{"@type":"type.googleapis.com/google.rpc.ErrorInfo","reason":"SERVICE_DISABLED","domain":"googleapis.com","metadata":{"activationUrl":"https://console.developers.google.com/apis/api/compute.googleapis.com/overview?project=1075311024495","consumer":"projects/1075311024495","serviceTitle":"Compute Engine API","containerInfo":"1075311024495","service":"compute.googleapis.com"}},{"@type":"type.googleapis.com/google.rpc.LocalizedMessage","locale":"en-US","message":"Compute Engine API has not been used in project 1075311024495 before or it is disabled. Enable it by visiting https://console.developers.google.com/apis/api/compute.googleapis.com/overview?project=1075311024495 then retry. If you enabled this API recently, wait a few minutes for the action to propagate to our systems and retry."},{"@type":"type.googleapis.com/google.rpc.Help","links":[{"description":"Google developers console API activation","url":"https://console.developers.google.com/apis/api/compute.googleapis.com/overview?project=1075311024495"}]}]}},"response":{"statusCode":403}},"exit":1,"message":"Request to https://compute.googleapis.com/compute/v1/projects/1075311024495 had HTTP Error: 403, Compute Engine API has not been used in project 1075311024495 before or it is disabled. Enable it by visiting https://console.developers.google.com/apis/api/compute.googleapis.com/overview?project=1075311024495 then retry. If you enabled this API recently, wait a few minutes for the action to propagate to our systems and retry.","status":403}
[debug] [2026-08-21T02:59:25.702Z] Checked if tokens are valid: true, expires at: 1787284079594
[debug] [2026-08-21T02:59:25.702Z] Checked if tokens are valid: true, expires at: 1787284079594
[debug] [2026-08-21T02:59:25.702Z] >>> [apiv2][query] GET https://run.googleapis.com/v1/projects/happybaby-6de42/locations/asia-northeast3/services/bedtimereminder:getIamPolicy [none]
[debug] [2026-08-21T02:59:26.024Z] <<< [apiv2][status] GET https://run.googleapis.com/v1/projects/happybaby-6de42/locations/asia-northeast3/services/bedtimereminder:getIamPolicy 200
[debug] [2026-08-21T02:59:26.024Z] <<< [apiv2][body] GET https://run.googleapis.com/v1/projects/happybaby-6de42/locations/asia-northeast3/services/bedtimereminder:getIamPolicy {"version":1,"etag":"BwZZha+HrLU=","bindings":[{"role":"roles/run.invoker","members":["serviceAccount:1075311024495-compute@developer.gserviceaccount.com"]}]}
[debug] [2026-08-21T02:59:26.024Z] Checked if tokens are valid: true, expires at: 1787284079594
[debug] [2026-08-21T02:59:26.024Z] Checked if tokens are valid: true, expires at: 1787284079594
[debug] [2026-08-21T02:59:26.024Z] >>> [apiv2][query] GET https://compute.googleapis.com/compute/v1/projects/1075311024495 [none]
[debug] [2026-08-21T02:59:26.272Z] <<< [apiv2][status] GET https://compute.googleapis.com/compute/v1/projects/1075311024495 403
[debug] [2026-08-21T02:59:26.272Z] <<< [apiv2][body] GET https://compute.googleapis.com/compute/v1/projects/1075311024495 {"error":{"code":403,"message":"Compute Engine API has not been used in project 1075311024495 before or it is disabled. Enable it by visiting https://console.developers.google.com/apis/api/compute.googleapis.com/overview?project=1075311024495 then retry. If you enabled this API recently, wait a few minutes for the action to propagate to our systems and retry.","errors":[{"message":"Compute Engine API has not been used in project 1075311024495 before or it is disabled. Enable it by visiting https://console.developers.google.com/apis/api/compute.googleapis.com/overview?project=1075311024495 then retry. If you enabled this API recently, wait a few minutes for the action to propagate to our systems and retry.","domain":"usageLimits","reason":"accessNotConfigured","extendedHelp":"https://console.developers.google.com"}],"status":"PERMISSION_DENIED","details":[{"@type":"type.googleapis.com/google.rpc.ErrorInfo","reason":"SERVICE_DISABLED","domain":"googleapis.com","metadata":{"activationUrl":"https://console.developers.google.com/apis/api/compute.googleapis.com/overview?project=1075311024495","consumer":"projects/1075311024495","serviceTitle":"Compute Engine API","containerInfo":"1075311024495","service":"compute.googleapis.com"}},{"@type":"type.googleapis.com/google.rpc.LocalizedMessage","locale":"en-US","message":"Compute Engine API has not been used in project 1075311024495 before or it is disabled. Enable it by visiting https://console.developers.google.com/apis/api/compute.googleapis.com/overview?project=1075311024495 then retry. If you enabled this API recently, wait a few minutes for the action to propagate to our systems and retry."},{"@type":"type.googleapis.com/google.rpc.Help","links":[{"description":"Google developers console API activation","url":"https://console.developers.google.com/apis/api/compute.googleapis.com/overview?project=1075311024495"}]}]}}
[debug] [2026-08-21T02:59:26.272Z] unable to look up default compute service account. Falling back to 1075311024495-compute@developer.gserviceaccount.com. Error: {"name":"FirebaseError","children":[],"context":{"body":{"error":{"code":403,"message":"Compute Engine API has not been used in project 1075311024495 before or it is disabled. Enable it by visiting https://console.developers.google.com/apis/api/compute.googleapis.com/overview?project=1075311024495 then retry. If you enabled this API recently, wait a few minutes for the action to propagate to our systems and retry.","errors":[{"message":"Compute Engine API has not been used in project 1075311024495 before or it is disabled. Enable it by visiting https://console.developers.google.com/apis/api/compute.googleapis.com/overview?project=1075311024495 then retry. If you enabled this API recently, wait a few minutes for the action to propagate to our systems and retry.","domain":"usageLimits","reason":"accessNotConfigured","extendedHelp":"https://console.developers.google.com"}],"status":"PERMISSION_DENIED","details":[{"@type":"type.googleapis.com/google.rpc.ErrorInfo","reason":"SERVICE_DISABLED","domain":"googleapis.com","metadata":{"activationUrl":"https://console.developers.google.com/apis/api/compute.googleapis.com/overview?project=1075311024495","consumer":"projects/1075311024495","serviceTitle":"Compute Engine API","containerInfo":"1075311024495","service":"compute.googleapis.com"}},{"@type":"type.googleapis.com/google.rpc.LocalizedMessage","locale":"en-US","message":"Compute Engine API has not been used in project 1075311024495 before or it is disabled. Enable it by visiting https://console.developers.google.com/apis/api/compute.googleapis.com/overview?project=1075311024495 then retry. If you enabled this API recently, wait a few minutes for the action to propagate to our systems and retry."},{"@type":"type.googleapis.com/google.rpc.Help","links":[{"description":"Google developers console API activation","url":"https://console.developers.google.com/apis/api/compute.googleapis.com/overview?project=1075311024495"}]}]}},"response":{"statusCode":403}},"exit":1,"message":"Request to https://compute.googleapis.com/compute/v1/projects/1075311024495 had HTTP Error: 403, Compute Engine API has not been used in project 1075311024495 before or it is disabled. Enable it by visiting https://console.developers.google.com/apis/api/compute.googleapis.com/overview?project=1075311024495 then retry. If you enabled this API recently, wait a few minutes for the action to propagate to our systems and retry.","status":403}
[debug] [2026-08-21T02:59:26.272Z] Checked if tokens are valid: true, expires at: 1787284079594
[debug] [2026-08-21T02:59:26.272Z] Checked if tokens are valid: true, expires at: 1787284079594
[debug] [2026-08-21T02:59:26.272Z] >>> [apiv2][query] GET https://cloudscheduler.googleapis.com/v1/projects/happybaby-6de42/locations/asia-northeast3/jobs/firebase-schedule-bedtimeReminder-asia-northeast3 [none]
[debug] [2026-08-21T02:59:27.077Z] <<< [apiv2][status] GET https://cloudscheduler.googleapis.com/v1/projects/happybaby-6de42/locations/asia-northeast3/jobs/firebase-schedule-bedtimeReminder-asia-northeast3 200
[debug] [2026-08-21T02:59:27.077Z] <<< [apiv2][body] GET https://cloudscheduler.googleapis.com/v1/projects/happybaby-6de42/locations/asia-northeast3/jobs/firebase-schedule-bedtimeReminder-asia-northeast3 {"name":"projects/happybaby-6de42/locations/asia-northeast3/jobs/firebase-schedule-bedtimeReminder-asia-northeast3","httpTarget":{"uri":"https://asia-northeast3-happybaby-6de42.cloudfunctions.net/bedtimeReminder","httpMethod":"POST","headers":{"User-Agent":"Google-Cloud-Scheduler"},"oidcToken":{"serviceAccountEmail":"1075311024495-compute@developer.gserviceaccount.com","audience":"https://asia-northeast3-happybaby-6de42.cloudfunctions.net/bedtimeReminder"}},"userUpdateTime":"2026-08-21T02:49:40.674039Z","state":"ENABLED","status":{"code":-1},"scheduleTime":"2026-08-21T03:05:00Z","schedule":"every 15 minutes","timeZone":"Asia/Seoul","attemptDeadline":"180s"}
[debug] [2026-08-21T02:59:27.077Z] Checked if tokens are valid: true, expires at: 1787284079594
[debug] [2026-08-21T02:59:27.077Z] Checked if tokens are valid: true, expires at: 1787284079594
[debug] [2026-08-21T02:59:27.077Z] >>> [apiv2][query] PATCH https://cloudscheduler.googleapis.com/v1/projects/happybaby-6de42/locations/asia-northeast3/jobs/firebase-schedule-bedtimeReminder-asia-northeast3 updateMask=name%2CtimeZone%2ChttpTarget%2Cschedule%2CattemptDeadline
[debug] [2026-08-21T02:59:27.077Z] >>> [apiv2][body] PATCH https://cloudscheduler.googleapis.com/v1/projects/happybaby-6de42/locations/asia-northeast3/jobs/firebase-schedule-bedtimeReminder-asia-northeast3 {"timeZone":"Asia/Seoul","name":"projects/happybaby-6de42/locations/asia-northeast3/jobs/firebase-schedule-bedtimeReminder-asia-northeast3","httpTarget":{"uri":"https://bedtimereminder-w4of67zzlq-du.a.run.app","httpMethod":"POST","oidcToken":{"serviceAccountEmail":"1075311024495-compute@developer.gserviceaccount.com"}},"schedule":"every 15 minutes","attemptDeadline":null}
[debug] [2026-08-21T02:59:28.080Z] [update-default-us-central1-kakaoCustomAuth] Retrying task index 0
[debug] [2026-08-21T02:59:28.080Z] Checked if tokens are valid: true, expires at: 1787284079594
[debug] [2026-08-21T02:59:28.080Z] Checked if tokens are valid: true, expires at: 1787284079594
[debug] [2026-08-21T02:59:28.080Z] >>> [apiv2][query] GET https://cloudfunctions.googleapis.com/v2/projects/happybaby-6de42/locations/us-central1/operations/operation-1787281102560-65985cf3b5c1d-37e6023f-fa012597 [none]
[debug] [2026-08-21T02:59:29.203Z] <<< [apiv2][status] GET https://cloudfunctions.googleapis.com/v2/projects/happybaby-6de42/locations/us-central1/operations/operation-1787281102560-65985cf3b5c1d-37e6023f-fa012597 200
[debug] [2026-08-21T02:59:29.203Z] <<< [apiv2][body] GET https://cloudfunctions.googleapis.com/v2/projects/happybaby-6de42/locations/us-central1/operations/operation-1787281102560-65985cf3b5c1d-37e6023f-fa012597 {"name":"projects/happybaby-6de42/locations/us-central1/operations/operation-1787281102560-65985cf3b5c1d-37e6023f-fa012597","metadata":{"@type":"type.googleapis.com/google.cloud.functions.v2.OperationMetadata","createTime":"2026-08-21T02:58:24.347844844Z","endTime":"2026-08-21T02:59:26.058861263Z","target":"projects/happybaby-6de42/locations/us-central1/functions/kakaoCustomAuth","verb":"update","cancelRequested":false,"apiVersion":"v2","requestResource":{"@type":"type.googleapis.com/google.cloud.functions.v2.Function","name":"projects/happybaby-6de42/locations/us-central1/functions/kakaoCustomAuth","buildConfig":{"runtime":"nodejs22","entryPoint":"kakaoCustomAuth","source":{"storageSource":{"bucket":"gcf-v2-sources-1075311024495-us-central1","object":"kakaoCustomAuth/function-source.zip","generation":"1787281104287540"}},"environmentVariables":{"GOOGLE_NODE_RUN_SCRIPTS":""},"dockerRepository":"projects/happybaby-6de42/locations/us-central1/repositories/gcf-artifacts","sourceProvenance":{"resolvedStorageSource":{"bucket":"gcf-v2-sources-1075311024495-us-central1","object":"kakaoCustomAuth/function-source.zip","generation":"1787280512156483"}},"dockerRegistry":"ARTIFACT_REGISTRY","serviceAccount":"projects/happybaby-6de42/serviceAccounts/1075311024495-compute@developer.gserviceaccount.com","automaticUpdatePolicy":{}},"serviceConfig":{"service":"projects/happybaby-6de42/locations/us-central1/services/kakaocustomauth","timeoutSeconds":60,"environmentVariables":{"FIREBASE_CONFIG":"{\"projectId\":\"happybaby-6de42\",\"storageBucket\":\"happybaby-6de42.firebasestorage.app\"}","GCLOUD_PROJECT":"happybaby-6de42","EVENTARC_CLOUD_EVENT_SOURCE":"projects/happybaby-6de42/locations/us-central1/services/kakaoCustomAuth","FUNCTION_REGION":"us-central1","FUNCTION_TARGET":"kakaoCustomAuth","LOG_EXECUTION_ID":"true"},"maxInstanceCount":10,"ingressSettings":"ALLOW_ALL","uri":"https://kakaocustomauth-w4of67zzlq-uc.a.run.app","serviceAccountEmail":"1075311024495-compute@developer.gserviceaccount.com","availableMemory":"256Mi","allTrafficOnLatestRevision":true,"revision":"kakaocustomauth-00002-kaz","maxInstanceRequestConcurrency":80,"availableCpu":"1"},"state":"ACTIVE","labels":{"deployment-tool":"cli-firebase","deployment-callable":"true","firebase-functions-hash":"4225db788bbfaa38bcc916ac672a58e67fb28878"},"environment":"GEN_2","url":"https://us-central1-happybaby-6de42.cloudfunctions.net/kakaoCustomAuth","satisfiesPzi":true},"stages":[{"name":"BUILD","message":"Build finished","state":"COMPLETE","resource":"projects/1075311024495/locations/us-central1/builds/3aea85d5-c457-4f74-b578-9c1af640fe9e","resourceUri":"https://console.cloud.google.com/cloud-build/builds;region=us-central1/3aea85d5-c457-4f74-b578-9c1af640fe9e?project=1075311024495"},{"name":"SERVICE","message":"Updating Cloud Run service","state":"COMPLETE","resource":"projects/happybaby-6de42/locations/us-central1/services/kakaocustomauth","resourceUri":"https://console.cloud.google.com/run/detail/us-central1/kakaocustomauth?project=happybaby-6de42","stateMessages":[{"severity":"INFO","type":"CloudRunServiceNewRevisionTrafficInfo","message":"A new revision will be deployed serving with 100% traffic."}]}],"sourceToken":"Clhwcm9qZWN0cy8xMDc1MzExMDI0NDk1L2xvY2F0aW9ucy91cy1jZW50cmFsMS9idWlsZHMvM2FlYTg1ZDUtYzQ1Ny00Zjc0LWI1NzgtOWMxYWY2NDBmZTllEnR1cy1jZW50cmFsMS1kb2NrZXIucGtnLmRldi9oYXBweWJhYnktNmRlNDIvZ2NmLWFydGlmYWN0cy9oYXBweWJhYnktLTZkZTQyX191cy0tY2VudHJhbDFfX2tha2FvX2N1c3RvbV9hdXRoOnZlcnNpb25fMRjvsqDspR8iSHByb2plY3RzL2hhcHB5YmFieS02ZGU0Mi9sb2NhdGlvbnMvdXMtY2VudHJhbDEvZnVuY3Rpb25zL2tha2FvQ3VzdG9tQXV0aCoMCP/9ntQGEJiT0IYCMghub2RlanMyMjp2CiNnY3IuaW8vZ2FlLXJ1bnRpbWVzL25vZGVqczIyOnN0YWJsZRJPdXMtY2VudHJhbDEtZG9ja2VyLnBrZy5kZXYvc2VydmVybGVzcy1ydW50aW1lcy9nb29nbGUtMjItZnVsbC9ydW50aW1lcy9ub2RlanMyMkAB","operationType":"UPDATE_FUNCTION","buildName":"projects/1075311024495/locations/us-central1/builds/3aea85d5-c457-4f74-b578-9c1af640fe9e"},"done":true,"response":{"@type":"type.googleapis.com/google.cloud.functions.v2.Function","name":"projects/happybaby-6de42/locations/us-central1/functions/kakaoCustomAuth","buildConfig":{"build":"projects/1075311024495/locations/us-central1/builds/3aea85d5-c457-4f74-b578-9c1af640fe9e","runtime":"nodejs22","entryPoint":"kakaoCustomAuth","source":{"storageSource":{"bucket":"gcf-v2-sources-1075311024495-us-central1","object":"kakaoCustomAuth/function-source.zip","generation":"1787281104287540"}},"environmentVariables":{"GOOGLE_NODE_RUN_SCRIPTS":""},"dockerRepository":"projects/happybaby-6de42/locations/us-central1/repositories/gcf-artifacts","sourceProvenance":{"resolvedStorageSource":{"bucket":"gcf-v2-sources-1075311024495-us-central1","object":"kakaoCustomAuth/function-source.zip","generation":"1787281104287540"}},"dockerRegistry":"ARTIFACT_REGISTRY","serviceAccount":"projects/happybaby-6de42/serviceAccounts/1075311024495-compute@developer.gserviceaccount.com","automaticUpdatePolicy":{}},"serviceConfig":{"service":"projects/happybaby-6de42/locations/us-central1/services/kakaocustomauth","timeoutSeconds":60,"environmentVariables":{"FIREBASE_CONFIG":"{\"projectId\":\"happybaby-6de42\",\"storageBucket\":\"happybaby-6de42.firebasestorage.app\"}","GCLOUD_PROJECT":"happybaby-6de42","EVENTARC_CLOUD_EVENT_SOURCE":"projects/happybaby-6de42/locations/us-central1/services/kakaoCustomAuth","FUNCTION_REGION":"us-central1","FUNCTION_TARGET":"kakaoCustomAuth","LOG_EXECUTION_ID":"true"},"maxInstanceCount":10,"ingressSettings":"ALLOW_ALL","uri":"https://kakaocustomauth-w4of67zzlq-uc.a.run.app","serviceAccountEmail":"1075311024495-compute@developer.gserviceaccount.com","availableMemory":"256Mi","allTrafficOnLatestRevision":true,"revision":"kakaocustomauth-00003-yeb","maxInstanceRequestConcurrency":80,"availableCpu":"1"},"state":"ACTIVE","updateTime":"2026-08-21T02:58:24.350177634Z","labels":{"deployment-tool":"cli-firebase","deployment-callable":"true","firebase-functions-hash":"4225db788bbfaa38bcc916ac672a58e67fb28878"},"environment":"GEN_2","url":"https://us-central1-happybaby-6de42.cloudfunctions.net/kakaoCustomAuth","createTime":"2026-08-20T14:10:05.174496875Z","satisfiesPzi":true}}
[debug] [2026-08-21T02:59:29.203Z] Got source token Clhwcm9qZWN0cy8xMDc1MzExMDI0NDk1L2xvY2F0aW9ucy91cy1jZW50cmFsMS9idWlsZHMvM2FlYTg1ZDUtYzQ1Ny00Zjc0LWI1NzgtOWMxYWY2NDBmZTllEnR1cy1jZW50cmFsMS1kb2NrZXIucGtnLmRldi9oYXBweWJhYnktNmRlNDIvZ2NmLWFydGlmYWN0cy9oYXBweWJhYnktLTZkZTQyX191cy0tY2VudHJhbDFfX2tha2FvX2N1c3RvbV9hdXRoOnZlcnNpb25fMRjvsqDspR8iSHByb2plY3RzL2hhcHB5YmFieS02ZGU0Mi9sb2NhdGlvbnMvdXMtY2VudHJhbDEvZnVuY3Rpb25zL2tha2FvQ3VzdG9tQXV0aCoMCP/9ntQGEJiT0IYCMghub2RlanMyMjp2CiNnY3IuaW8vZ2FlLXJ1bnRpbWVzL25vZGVqczIyOnN0YWJsZRJPdXMtY2VudHJhbDEtZG9ja2VyLnBrZy5kZXYvc2VydmVybGVzcy1ydW50aW1lcy9nb29nbGUtMjItZnVsbC9ydW50aW1lcy9ub2RlanMyMkAB for region us-central1
[info] +  functions[kakaoCustomAuth(us-central1)] Successful update operation. 
[debug] [2026-08-21T02:59:31.232Z] <<< [apiv2][status] PATCH https://cloudscheduler.googleapis.com/v1/projects/happybaby-6de42/locations/asia-northeast3/jobs/firebase-schedule-bedtimeReminder-asia-northeast3 200
[debug] [2026-08-21T02:59:31.232Z] <<< [apiv2][body] PATCH https://cloudscheduler.googleapis.com/v1/projects/happybaby-6de42/locations/asia-northeast3/jobs/firebase-schedule-bedtimeReminder-asia-northeast3 {"name":"projects/happybaby-6de42/locations/asia-northeast3/jobs/firebase-schedule-bedtimeReminder-asia-northeast3","httpTarget":{"uri":"https://bedtimereminder-w4of67zzlq-du.a.run.app/","httpMethod":"POST","headers":{"User-Agent":"Google-Cloud-Scheduler"},"oidcToken":{"serviceAccountEmail":"1075311024495-compute@developer.gserviceaccount.com","audience":"https://bedtimereminder-w4of67zzlq-du.a.run.app/"}},"userUpdateTime":"2026-08-21T02:59:33.426288Z","state":"ENABLED","status":{"code":-1},"scheduleTime":"2026-08-21T03:14:00Z","schedule":"every 15 minutes","timeZone":"Asia/Seoul","attemptDeadline":"180s"}
[debug] [2026-08-21T02:59:31.232Z] updated scheduler job firebase-schedule-bedtimeReminder-asia-northeast3
[info] +  functions[bedtimeReminder(asia-northeast3)] Successful update operation. 
[warn] !  functions: Deploys failed. Skipping deletes. 
[debug] [2026-08-21T02:59:31.240Z] Total Function Deployment time: 71967
[debug] [2026-08-21T02:59:31.240Z] 5 Functions Deployed
[debug] [2026-08-21T02:59:31.240Z] 1 Functions Errored
[debug] [2026-08-21T02:59:31.240Z] 0 Function Deployments Aborted
[debug] [2026-08-21T02:59:31.240Z] Average Function Deployment time: 58117.6
[info] 
[info] Functions deploy had errors with the following functions:
	countWaitlist(asia-northeast3)
[debug] [2026-08-21T02:59:31.451Z] Checked if tokens are valid: true, expires at: 1787284079594
[debug] [2026-08-21T02:59:31.451Z] Checked if tokens are valid: true, expires at: 1787284079594
[debug] [2026-08-21T02:59:31.451Z] Checked if tokens are valid: true, expires at: 1787284079594
[debug] [2026-08-21T02:59:31.451Z] Checked if tokens are valid: true, expires at: 1787284079594
[debug] [2026-08-21T02:59:31.451Z] >>> [apiv2][query] GET https://artifactregistry.googleapis.com/v1/projects/happybaby-6de42/locations/us-central1/repositories/gcf-artifacts [none]
[debug] [2026-08-21T02:59:31.452Z] >>> [apiv2][query] GET https://artifactregistry.googleapis.com/v1/projects/happybaby-6de42/locations/asia-northeast3/repositories/gcf-artifacts [none]
[debug] [2026-08-21T02:59:31.658Z] <<< [apiv2][status] GET https://artifactregistry.googleapis.com/v1/projects/happybaby-6de42/locations/asia-northeast3/repositories/gcf-artifacts 200
[debug] [2026-08-21T02:59:31.658Z] <<< [apiv2][body] GET https://artifactregistry.googleapis.com/v1/projects/happybaby-6de42/locations/asia-northeast3/repositories/gcf-artifacts {"name":"projects/happybaby-6de42/locations/asia-northeast3/repositories/gcf-artifacts","format":"DOCKER","description":"This repository is created and used by Cloud Functions for storing function docker images.","labels":{"goog-managed-by":"cloudfunctions"},"createTime":"2026-08-20T14:10:18.785958Z","updateTime":"2026-08-21T02:59:12.489138Z","mode":"STANDARD_REPOSITORY","cleanupPolicies":{"firebase-functions-cleanup":{"id":"firebase-functions-cleanup","action":"DELETE","condition":{"tagState":"ANY","olderThan":"86400s"}}},"sizeBytes":"157499319","satisfiesPzs":true,"vulnerabilityScanningConfig":{"lastEnableTime":"2026-08-20T14:10:07.562119318Z","enablementState":"SCANNING_DISABLED","enablementStateReason":"API containerscanning.googleapis.com is not enabled."},"satisfiesPzi":true,"registryUri":"asia-northeast3-docker.pkg.dev/happybaby-6de42/gcf-artifacts"}
[debug] [2026-08-21T02:59:32.873Z] <<< [apiv2][status] GET https://artifactregistry.googleapis.com/v1/projects/happybaby-6de42/locations/us-central1/repositories/gcf-artifacts 200
[debug] [2026-08-21T02:59:32.874Z] <<< [apiv2][body] GET https://artifactregistry.googleapis.com/v1/projects/happybaby-6de42/locations/us-central1/repositories/gcf-artifacts {"name":"projects/happybaby-6de42/locations/us-central1/repositories/gcf-artifacts","format":"DOCKER","description":"This repository is created and used by Cloud Functions for storing function docker images.","labels":{"goog-managed-by":"cloudfunctions"},"createTime":"2026-08-19T13:59:08.661548Z","updateTime":"2026-08-21T02:58:56.940622Z","mode":"STANDARD_REPOSITORY","cleanupPolicies":{"firebase-functions-cleanup":{"id":"firebase-functions-cleanup","action":"DELETE","condition":{"tagState":"ANY","olderThan":"86400s"}}},"sizeBytes":"136516972","vulnerabilityScanningConfig":{"lastEnableTime":"2026-08-19T13:58:59.666904737Z","enablementState":"SCANNING_DISABLED","enablementStateReason":"API containerscanning.googleapis.com is not enabled."},"satisfiesPzi":true,"registryUri":"us-central1-docker.pkg.dev/happybaby-6de42/gcf-artifacts"}
[debug] [2026-08-21T02:59:32.874Z] Functions deploy failed.
[debug] [2026-08-21T02:59:32.874Z] {
  "endpoint": {
    "id": "countWaitlist",
    "project": "happybaby-6de42",
    "region": "asia-northeast3",
    "entryPoint": "countWaitlist",
    "platform": "gcfv2",
    "runtime": "nodejs22",
    "eventTrigger": {
      "eventType": "google.cloud.firestore.document.v1.created",
      "retry": false,
      "eventFilters": {
        "database": "(default)",
        "namespace": "(default)"
      },
      "eventFilterPathPatterns": {
        "document": "waitlist/{docId}"
      },
      "region": "asia-northeast3"
    },
    "labels": {
      "deployment-tool": "cli-firebase"
    },
    "serviceAccount": null,
    "ingressSettings": null,
    "availableMemoryMb": null,
    "timeoutSeconds": null,
    "maxInstances": null,
    "minInstances": null,
    "concurrency": 80,
    "vpc": null,
    "environmentVariables": {
      "FIREBASE_CONFIG": "{\"projectId\":\"happybaby-6de42\",\"storageBucket\":\"happybaby-6de42.firebasestorage.app\"}",
      "GCLOUD_PROJECT": "happybaby-6de42",
      "EVENTARC_CLOUD_EVENT_SOURCE": "projects/happybaby-6de42/locations/asia-northeast3/services/countWaitlist",
      "FUNCTION_REGION": "asia-northeast3"
    },
    "codebase": "default",
    "cpu": 1,
    "targetedByOnly": false,
    "hash": "4225db788bbfaa38bcc916ac672a58e67fb28878"
  },
  "op": "create",
  "original": {
    "name": "FirebaseError",
    "children": [],
    "context": {
      "function": "projects/happybaby-6de42/locations/asia-northeast3/functions/countWaitlist"
    },
    "exit": 1,
    "message": "Failed to create function projects/happybaby-6de42/locations/asia-northeast3/functions/countWaitlist",
    "original": {
      "name": "FirebaseError",
      "children": [],
      "context": {
        "body": {
          "error": {
            "code": 400,
            "message": "Validation failed for trigger projects/happybaby-6de42/locations/asia-northeast3/triggers/countwaitlist-857758: Invalid resource state for \"\": Permission denied while using the Eventarc Service Agent. If you recently started to use Eventarc, it may take a few minutes before all necessary permissions are propagated to the Service Agent. Otherwise, verify that it has Eventarc Service Agent role.",
            "status": "FAILED_PRECONDITION"
          }
        },
        "response": {
          "statusCode": 400
        }
      },
      "exit": 1,
      "message": "Request to https://cloudfunctions.googleapis.com/v2/projects/happybaby-6de42/locations/asia-northeast3/functions?functionId=countWaitlist had HTTP Error: 400, Validation failed for trigger projects/happybaby-6de42/locations/asia-northeast3/triggers/countwaitlist-857758: Invalid resource state for \"\": Permission denied while using the Eventarc Service Agent. If you recently started to use Eventarc, it may take a few minutes before all necessary permissions are propagated to the Service Agent. Otherwise, verify that it has Eventarc Service Agent role.",
      "status": 400
    },
    "status": 400,
    "code": 400
  }
}
[debug] [2026-08-21T02:59:32.957Z] Error: Failed to create function countWaitlist in region asia-northeast3
    at C:\Users\Master\AppData\Roaming\npm\node_modules\firebase-tools\lib\deploy\functions\release\fabricator.js:436:27
    at process.processTicksAndRejections (node:internal/process/task_queues:104:5)
    at async Fabricator.createV2Function (C:\Users\Master\AppData\Roaming\npm\node_modules\firebase-tools\lib\deploy\functions\release\fabricator.js:415:30)
    at async Fabricator.createEndpoint (C:\Users\Master\AppData\Roaming\npm\node_modules\firebase-tools\lib\deploy\functions\release\fabricator.js:257:13)
    at async Fabricator.wrapOperation (C:\Users\Master\AppData\Roaming\npm\node_modules\firebase-tools\lib\deploy\functions\release\fabricator.js:242:13)
    at async Promise.all (index 0)
    at async Promise.allSettled (index 1)
    at async Fabricator.applyPlan (C:\Users\Master\AppData\Roaming\npm\node_modules\firebase-tools\lib\deploy\functions\release\fabricator.js:159:45)
    at async release (C:\Users\Master\AppData\Roaming\npm\node_modules\firebase-tools\lib\deploy\functions\release\index.js:89:21)
    at async chain (C:\Users\Master\AppData\Roaming\npm\node_modules\firebase-tools\lib\deploy\index.js:114:9)
[error] 
[error] Error: There was an error deploying functions
